--
-- PostgreSQL database dump
--

-- Dumped from database version 16.3
-- Dumped by pg_dump version 16.3

SET statement_timeout = 0;
SET lock_timeout = 0;
SET idle_in_transaction_session_timeout = 0;
SET client_encoding = 'UTF8';
SET standard_conforming_strings = on;
SELECT pg_catalog.set_config('search_path', '', false);
SET check_function_bodies = false;
SET xmloption = content;
SET client_min_messages = warning;
SET row_security = off;

SET default_tablespace = '';

SET default_table_access_method = heap;

--
-- Name: account_app_address; Type: TABLE; Schema: public; Owner: postgres
--

CREATE TABLE public.account_app_address (
    id bigint NOT NULL,
    name character varying(50) NOT NULL,
    address_title character varying(50) NOT NULL,
    state character varying(100) NOT NULL,
    city character varying(100) NOT NULL,
    pin character varying(6) NOT NULL,
    post_office character varying(100) NOT NULL,
    phone_number character varying(128) NOT NULL,
    address_line text NOT NULL,
    landmark character varying(255),
    is_listed boolean NOT NULL,
    user_id bigint NOT NULL
);


ALTER TABLE public.account_app_address OWNER TO postgres;

--
-- Name: account_app_address_id_seq; Type: SEQUENCE; Schema: public; Owner: postgres
--

ALTER TABLE public.account_app_address ALTER COLUMN id ADD GENERATED BY DEFAULT AS IDENTITY (
    SEQUENCE NAME public.account_app_address_id_seq
    START WITH 1
    INCREMENT BY 1
    NO MINVALUE
    NO MAXVALUE
    CACHE 1
);


--
-- Name: account_emailaddress; Type: TABLE; Schema: public; Owner: postgres
--

CREATE TABLE public.account_emailaddress (
    id integer NOT NULL,
    email character varying(254) NOT NULL,
    verified boolean NOT NULL,
    "primary" boolean NOT NULL,
    user_id bigint NOT NULL
);


ALTER TABLE public.account_emailaddress OWNER TO postgres;

--
-- Name: account_emailaddress_id_seq; Type: SEQUENCE; Schema: public; Owner: postgres
--

ALTER TABLE public.account_emailaddress ALTER COLUMN id ADD GENERATED BY DEFAULT AS IDENTITY (
    SEQUENCE NAME public.account_emailaddress_id_seq
    START WITH 1
    INCREMENT BY 1
    NO MINVALUE
    NO MAXVALUE
    CACHE 1
);


--
-- Name: account_emailconfirmation; Type: TABLE; Schema: public; Owner: postgres
--

CREATE TABLE public.account_emailconfirmation (
    id integer NOT NULL,
    created timestamp with time zone NOT NULL,
    sent timestamp with time zone,
    key character varying(64) NOT NULL,
    email_address_id integer NOT NULL
);


ALTER TABLE public.account_emailconfirmation OWNER TO postgres;

--
-- Name: account_emailconfirmation_id_seq; Type: SEQUENCE; Schema: public; Owner: postgres
--

ALTER TABLE public.account_emailconfirmation ALTER COLUMN id ADD GENERATED BY DEFAULT AS IDENTITY (
    SEQUENCE NAME public.account_emailconfirmation_id_seq
    START WITH 1
    INCREMENT BY 1
    NO MINVALUE
    NO MAXVALUE
    CACHE 1
);


--
-- Name: auth_group; Type: TABLE; Schema: public; Owner: postgres
--

CREATE TABLE public.auth_group (
    id integer NOT NULL,
    name character varying(150) NOT NULL
);


ALTER TABLE public.auth_group OWNER TO postgres;

--
-- Name: auth_group_id_seq; Type: SEQUENCE; Schema: public; Owner: postgres
--

ALTER TABLE public.auth_group ALTER COLUMN id ADD GENERATED BY DEFAULT AS IDENTITY (
    SEQUENCE NAME public.auth_group_id_seq
    START WITH 1
    INCREMENT BY 1
    NO MINVALUE
    NO MAXVALUE
    CACHE 1
);


--
-- Name: auth_group_permissions; Type: TABLE; Schema: public; Owner: postgres
--

CREATE TABLE public.auth_group_permissions (
    id bigint NOT NULL,
    group_id integer NOT NULL,
    permission_id integer NOT NULL
);


ALTER TABLE public.auth_group_permissions OWNER TO postgres;

--
-- Name: auth_group_permissions_id_seq; Type: SEQUENCE; Schema: public; Owner: postgres
--

ALTER TABLE public.auth_group_permissions ALTER COLUMN id ADD GENERATED BY DEFAULT AS IDENTITY (
    SEQUENCE NAME public.auth_group_permissions_id_seq
    START WITH 1
    INCREMENT BY 1
    NO MINVALUE
    NO MAXVALUE
    CACHE 1
);


--
-- Name: auth_permission; Type: TABLE; Schema: public; Owner: postgres
--

CREATE TABLE public.auth_permission (
    id integer NOT NULL,
    name character varying(255) NOT NULL,
    content_type_id integer NOT NULL,
    codename character varying(100) NOT NULL
);


ALTER TABLE public.auth_permission OWNER TO postgres;

--
-- Name: auth_permission_id_seq; Type: SEQUENCE; Schema: public; Owner: postgres
--

ALTER TABLE public.auth_permission ALTER COLUMN id ADD GENERATED BY DEFAULT AS IDENTITY (
    SEQUENCE NAME public.auth_permission_id_seq
    START WITH 1
    INCREMENT BY 1
    NO MINVALUE
    NO MAXVALUE
    CACHE 1
);


--
-- Name: cart_app_cart; Type: TABLE; Schema: public; Owner: postgres
--

CREATE TABLE public.cart_app_cart (
    id bigint NOT NULL,
    created_at timestamp with time zone NOT NULL,
    updated_at timestamp with time zone NOT NULL,
    user_id bigint NOT NULL,
    applied_coupon_id bigint
);


ALTER TABLE public.cart_app_cart OWNER TO postgres;

--
-- Name: cart_app_cart_id_seq; Type: SEQUENCE; Schema: public; Owner: postgres
--

ALTER TABLE public.cart_app_cart ALTER COLUMN id ADD GENERATED BY DEFAULT AS IDENTITY (
    SEQUENCE NAME public.cart_app_cart_id_seq
    START WITH 1
    INCREMENT BY 1
    NO MINVALUE
    NO MAXVALUE
    CACHE 1
);


--
-- Name: cart_app_cartitem; Type: TABLE; Schema: public; Owner: postgres
--

CREATE TABLE public.cart_app_cartitem (
    id bigint NOT NULL,
    quantity integer NOT NULL,
    cart_id bigint NOT NULL,
    product_id bigint NOT NULL,
    product_color_id bigint NOT NULL,
    product_size_id bigint NOT NULL,
    CONSTRAINT cart_app_cartitem_quantity_check CHECK ((quantity >= 0))
);


ALTER TABLE public.cart_app_cartitem OWNER TO postgres;

--
-- Name: cart_app_cartitem_id_seq; Type: SEQUENCE; Schema: public; Owner: postgres
--

ALTER TABLE public.cart_app_cartitem ALTER COLUMN id ADD GENERATED BY DEFAULT AS IDENTITY (
    SEQUENCE NAME public.cart_app_cartitem_id_seq
    START WITH 1
    INCREMENT BY 1
    NO MINVALUE
    NO MAXVALUE
    CACHE 1
);


--
-- Name: cart_app_wishlist; Type: TABLE; Schema: public; Owner: postgres
--

CREATE TABLE public.cart_app_wishlist (
    id bigint NOT NULL,
    created_at timestamp with time zone NOT NULL,
    updated_at timestamp with time zone NOT NULL,
    product_variant_id bigint NOT NULL,
    user_id bigint NOT NULL
);


ALTER TABLE public.cart_app_wishlist OWNER TO postgres;

--
-- Name: cart_app_wishlist_id_seq; Type: SEQUENCE; Schema: public; Owner: postgres
--

ALTER TABLE public.cart_app_wishlist ALTER COLUMN id ADD GENERATED BY DEFAULT AS IDENTITY (
    SEQUENCE NAME public.cart_app_wishlist_id_seq
    START WITH 1
    INCREMENT BY 1
    NO MINVALUE
    NO MAXVALUE
    CACHE 1
);


--
-- Name: category_app_category; Type: TABLE; Schema: public; Owner: postgres
--

CREATE TABLE public.category_app_category (
    id bigint NOT NULL,
    category_name character varying(100) NOT NULL,
    created_at timestamp with time zone NOT NULL,
    updated_at timestamp with time zone NOT NULL,
    image character varying(100),
    is_listed boolean NOT NULL
);


ALTER TABLE public.category_app_category OWNER TO postgres;

--
-- Name: category_app_category_id_seq; Type: SEQUENCE; Schema: public; Owner: postgres
--

ALTER TABLE public.category_app_category ALTER COLUMN id ADD GENERATED BY DEFAULT AS IDENTITY (
    SEQUENCE NAME public.category_app_category_id_seq
    START WITH 1
    INCREMENT BY 1
    NO MINVALUE
    NO MAXVALUE
    CACHE 1
);


--
-- Name: category_app_subcategory; Type: TABLE; Schema: public; Owner: postgres
--

CREATE TABLE public.category_app_subcategory (
    id bigint NOT NULL,
    subcategory_name character varying(100) NOT NULL,
    slug character varying(100) NOT NULL,
    created_at timestamp with time zone NOT NULL,
    updated_at timestamp with time zone NOT NULL,
    category_id bigint NOT NULL,
    image character varying(100),
    is_listed boolean NOT NULL,
    discount_percentage integer,
    is_offer_applied boolean NOT NULL,
    applied_offer_id bigint
);


ALTER TABLE public.category_app_subcategory OWNER TO postgres;

--
-- Name: category_app_subcategory_id_seq; Type: SEQUENCE; Schema: public; Owner: postgres
--

ALTER TABLE public.category_app_subcategory ALTER COLUMN id ADD GENERATED BY DEFAULT AS IDENTITY (
    SEQUENCE NAME public.category_app_subcategory_id_seq
    START WITH 1
    INCREMENT BY 1
    NO MINVALUE
    NO MAXVALUE
    CACHE 1
);


--
-- Name: coupon_app_coupons; Type: TABLE; Schema: public; Owner: postgres
--

CREATE TABLE public.coupon_app_coupons (
    id bigint NOT NULL,
    title character varying(30) NOT NULL,
    code character varying(20) NOT NULL,
    valid_from timestamp with time zone,
    expiry timestamp with time zone,
    discount_amount numeric(10,2),
    discount_percentage integer,
    min_limit numeric(10,2) NOT NULL,
    is_active boolean NOT NULL,
    created_on timestamp with time zone NOT NULL,
    description character varying(200) NOT NULL,
    CONSTRAINT coupon_app_coupons_discount_percentage_check CHECK ((discount_percentage >= 0))
);


ALTER TABLE public.coupon_app_coupons OWNER TO postgres;

--
-- Name: coupon_app_coupons_id_seq; Type: SEQUENCE; Schema: public; Owner: postgres
--

ALTER TABLE public.coupon_app_coupons ALTER COLUMN id ADD GENERATED BY DEFAULT AS IDENTITY (
    SEQUENCE NAME public.coupon_app_coupons_id_seq
    START WITH 1
    INCREMENT BY 1
    NO MINVALUE
    NO MAXVALUE
    CACHE 1
);


--
-- Name: django_admin_log; Type: TABLE; Schema: public; Owner: postgres
--

CREATE TABLE public.django_admin_log (
    id integer NOT NULL,
    action_time timestamp with time zone NOT NULL,
    object_id text,
    object_repr character varying(200) NOT NULL,
    action_flag smallint NOT NULL,
    change_message text NOT NULL,
    content_type_id integer,
    user_id bigint NOT NULL,
    CONSTRAINT django_admin_log_action_flag_check CHECK ((action_flag >= 0))
);


ALTER TABLE public.django_admin_log OWNER TO postgres;

--
-- Name: django_admin_log_id_seq; Type: SEQUENCE; Schema: public; Owner: postgres
--

ALTER TABLE public.django_admin_log ALTER COLUMN id ADD GENERATED BY DEFAULT AS IDENTITY (
    SEQUENCE NAME public.django_admin_log_id_seq
    START WITH 1
    INCREMENT BY 1
    NO MINVALUE
    NO MAXVALUE
    CACHE 1
);


--
-- Name: django_content_type; Type: TABLE; Schema: public; Owner: postgres
--

CREATE TABLE public.django_content_type (
    id integer NOT NULL,
    app_label character varying(100) NOT NULL,
    model character varying(100) NOT NULL
);


ALTER TABLE public.django_content_type OWNER TO postgres;

--
-- Name: django_content_type_id_seq; Type: SEQUENCE; Schema: public; Owner: postgres
--

ALTER TABLE public.django_content_type ALTER COLUMN id ADD GENERATED BY DEFAULT AS IDENTITY (
    SEQUENCE NAME public.django_content_type_id_seq
    START WITH 1
    INCREMENT BY 1
    NO MINVALUE
    NO MAXVALUE
    CACHE 1
);


--
-- Name: django_migrations; Type: TABLE; Schema: public; Owner: postgres
--

CREATE TABLE public.django_migrations (
    id bigint NOT NULL,
    app character varying(255) NOT NULL,
    name character varying(255) NOT NULL,
    applied timestamp with time zone NOT NULL
);


ALTER TABLE public.django_migrations OWNER TO postgres;

--
-- Name: django_migrations_id_seq; Type: SEQUENCE; Schema: public; Owner: postgres
--

ALTER TABLE public.django_migrations ALTER COLUMN id ADD GENERATED BY DEFAULT AS IDENTITY (
    SEQUENCE NAME public.django_migrations_id_seq
    START WITH 1
    INCREMENT BY 1
    NO MINVALUE
    NO MAXVALUE
    CACHE 1
);


--
-- Name: django_session; Type: TABLE; Schema: public; Owner: postgres
--

CREATE TABLE public.django_session (
    session_key character varying(40) NOT NULL,
    session_data text NOT NULL,
    expire_date timestamp with time zone NOT NULL
);


ALTER TABLE public.django_session OWNER TO postgres;

--
-- Name: django_site; Type: TABLE; Schema: public; Owner: postgres
--

CREATE TABLE public.django_site (
    id integer NOT NULL,
    domain character varying(100) NOT NULL,
    name character varying(50) NOT NULL
);


ALTER TABLE public.django_site OWNER TO postgres;

--
-- Name: django_site_id_seq; Type: SEQUENCE; Schema: public; Owner: postgres
--

ALTER TABLE public.django_site ALTER COLUMN id ADD GENERATED BY DEFAULT AS IDENTITY (
    SEQUENCE NAME public.django_site_id_seq
    START WITH 1
    INCREMENT BY 1
    NO MINVALUE
    NO MAXVALUE
    CACHE 1
);


--
-- Name: offer_app_offer; Type: TABLE; Schema: public; Owner: postgres
--

CREATE TABLE public.offer_app_offer (
    id bigint NOT NULL,
    name character varying(100) NOT NULL,
    discount_percentage numeric(5,2) NOT NULL,
    start_date timestamp with time zone NOT NULL,
    end_date timestamp with time zone NOT NULL,
    is_active boolean NOT NULL,
    offer_type character varying(20) NOT NULL
);


ALTER TABLE public.offer_app_offer OWNER TO postgres;

--
-- Name: offer_app_offer_id_seq; Type: SEQUENCE; Schema: public; Owner: postgres
--

ALTER TABLE public.offer_app_offer ALTER COLUMN id ADD GENERATED BY DEFAULT AS IDENTITY (
    SEQUENCE NAME public.offer_app_offer_id_seq
    START WITH 1
    INCREMENT BY 1
    NO MINVALUE
    NO MAXVALUE
    CACHE 1
);


--
-- Name: order_app_order; Type: TABLE; Schema: public; Owner: postgres
--

CREATE TABLE public.order_app_order (
    id bigint NOT NULL,
    payment_method character varying(10) NOT NULL,
    order_date timestamp with time zone NOT NULL,
    total_amount numeric(10,2) NOT NULL,
    delivery_address_id bigint,
    ordered_user_id bigint NOT NULL,
    order_unique_id character varying(8) NOT NULL,
    delivery_address_line text NOT NULL,
    delivery_address_title character varying(255) NOT NULL,
    delivery_city character varying(100) NOT NULL,
    delivery_landmark character varying(255),
    delivery_name character varying(255) NOT NULL,
    delivery_phone_number character varying(15) NOT NULL,
    delivery_pin character varying(6) NOT NULL,
    delivery_post_office character varying(100) NOT NULL,
    delivery_state character varying(100) NOT NULL,
    coupon_id bigint,
    discount_amount numeric(10,2),
    razorpay_order_id character varying(100),
    razorpay_payment_id character varying(100),
    payment_status character varying(20) NOT NULL,
    offer_discount_total numeric(10,2),
    invoice_number character varying(50)
);


ALTER TABLE public.order_app_order OWNER TO postgres;

--
-- Name: order_app_order_id_seq; Type: SEQUENCE; Schema: public; Owner: postgres
--

ALTER TABLE public.order_app_order ALTER COLUMN id ADD GENERATED BY DEFAULT AS IDENTITY (
    SEQUENCE NAME public.order_app_order_id_seq
    START WITH 1
    INCREMENT BY 1
    NO MINVALUE
    NO MAXVALUE
    CACHE 1
);


--
-- Name: order_app_orderitem; Type: TABLE; Schema: public; Owner: postgres
--

CREATE TABLE public.order_app_orderitem (
    id bigint NOT NULL,
    quantity integer NOT NULL,
    price numeric(10,2) NOT NULL,
    status character varying(20) NOT NULL,
    order_id bigint NOT NULL,
    product_size_id bigint NOT NULL,
    return_eligible_day_one timestamp with time zone,
    return_requested boolean NOT NULL,
    CONSTRAINT order_app_orderitem_quantity_check CHECK ((quantity >= 0))
);


ALTER TABLE public.order_app_orderitem OWNER TO postgres;

--
-- Name: order_app_orderitem_id_seq; Type: SEQUENCE; Schema: public; Owner: postgres
--

ALTER TABLE public.order_app_orderitem ALTER COLUMN id ADD GENERATED BY DEFAULT AS IDENTITY (
    SEQUENCE NAME public.order_app_orderitem_id_seq
    START WITH 1
    INCREMENT BY 1
    NO MINVALUE
    NO MAXVALUE
    CACHE 1
);


--
-- Name: product_app_product; Type: TABLE; Schema: public; Owner: postgres
--

CREATE TABLE public.product_app_product (
    id bigint NOT NULL,
    product_name character varying(300) NOT NULL,
    description character varying(500),
    price numeric(10,2) NOT NULL,
    slug character varying(500),
    created_at timestamp with time zone NOT NULL,
    updated_at timestamp with time zone NOT NULL,
    category_id_id bigint,
    subcategory_id_id bigint,
    is_listed boolean NOT NULL,
    featured boolean NOT NULL,
    discount_percentage integer,
    is_offer_applied boolean NOT NULL,
    discounted_price numeric(10,2),
    applied_offer_id bigint
);


ALTER TABLE public.product_app_product OWNER TO postgres;

--
-- Name: product_app_product_id_seq; Type: SEQUENCE; Schema: public; Owner: postgres
--

ALTER TABLE public.product_app_product ALTER COLUMN id ADD GENERATED BY DEFAULT AS IDENTITY (
    SEQUENCE NAME public.product_app_product_id_seq
    START WITH 1
    INCREMENT BY 1
    NO MINVALUE
    NO MAXVALUE
    CACHE 1
);


--
-- Name: product_app_productcolorimage; Type: TABLE; Schema: public; Owner: postgres
--

CREATE TABLE public.product_app_productcolorimage (
    id bigint NOT NULL,
    color_name character varying(50) NOT NULL,
    image_1 character varying(100),
    image_2 character varying(100),
    image_3 character varying(100),
    created_at timestamp with time zone NOT NULL,
    updated_at timestamp with time zone NOT NULL,
    product_id_id bigint NOT NULL
);


ALTER TABLE public.product_app_productcolorimage OWNER TO postgres;

--
-- Name: product_app_productcolorimage_id_seq; Type: SEQUENCE; Schema: public; Owner: postgres
--

ALTER TABLE public.product_app_productcolorimage ALTER COLUMN id ADD GENERATED BY DEFAULT AS IDENTITY (
    SEQUENCE NAME public.product_app_productcolorimage_id_seq
    START WITH 1
    INCREMENT BY 1
    NO MINVALUE
    NO MAXVALUE
    CACHE 1
);


--
-- Name: product_app_productsize; Type: TABLE; Schema: public; Owner: postgres
--

CREATE TABLE public.product_app_productsize (
    id bigint NOT NULL,
    size character varying(2) NOT NULL,
    quantity integer NOT NULL,
    created_at timestamp with time zone NOT NULL,
    updated_at timestamp with time zone NOT NULL,
    product_data_id bigint NOT NULL,
    CONSTRAINT product_app_productsize_quantity_check CHECK ((quantity >= 0))
);


ALTER TABLE public.product_app_productsize OWNER TO postgres;

--
-- Name: product_app_productsize_id_seq; Type: SEQUENCE; Schema: public; Owner: postgres
--

ALTER TABLE public.product_app_productsize ALTER COLUMN id ADD GENERATED BY DEFAULT AS IDENTITY (
    SEQUENCE NAME public.product_app_productsize_id_seq
    START WITH 1
    INCREMENT BY 1
    NO MINVALUE
    NO MAXVALUE
    CACHE 1
);


--
-- Name: socialaccount_socialaccount; Type: TABLE; Schema: public; Owner: postgres
--

CREATE TABLE public.socialaccount_socialaccount (
    id integer NOT NULL,
    provider character varying(200) NOT NULL,
    uid character varying(191) NOT NULL,
    last_login timestamp with time zone NOT NULL,
    date_joined timestamp with time zone NOT NULL,
    extra_data jsonb NOT NULL,
    user_id bigint NOT NULL
);


ALTER TABLE public.socialaccount_socialaccount OWNER TO postgres;

--
-- Name: socialaccount_socialaccount_id_seq; Type: SEQUENCE; Schema: public; Owner: postgres
--

ALTER TABLE public.socialaccount_socialaccount ALTER COLUMN id ADD GENERATED BY DEFAULT AS IDENTITY (
    SEQUENCE NAME public.socialaccount_socialaccount_id_seq
    START WITH 1
    INCREMENT BY 1
    NO MINVALUE
    NO MAXVALUE
    CACHE 1
);


--
-- Name: socialaccount_socialapp; Type: TABLE; Schema: public; Owner: postgres
--

CREATE TABLE public.socialaccount_socialapp (
    id integer NOT NULL,
    provider character varying(30) NOT NULL,
    name character varying(40) NOT NULL,
    client_id character varying(191) NOT NULL,
    secret character varying(191) NOT NULL,
    key character varying(191) NOT NULL,
    provider_id character varying(200) NOT NULL,
    settings jsonb NOT NULL
);


ALTER TABLE public.socialaccount_socialapp OWNER TO postgres;

--
-- Name: socialaccount_socialapp_id_seq; Type: SEQUENCE; Schema: public; Owner: postgres
--

ALTER TABLE public.socialaccount_socialapp ALTER COLUMN id ADD GENERATED BY DEFAULT AS IDENTITY (
    SEQUENCE NAME public.socialaccount_socialapp_id_seq
    START WITH 1
    INCREMENT BY 1
    NO MINVALUE
    NO MAXVALUE
    CACHE 1
);


--
-- Name: socialaccount_socialapp_sites; Type: TABLE; Schema: public; Owner: postgres
--

CREATE TABLE public.socialaccount_socialapp_sites (
    id bigint NOT NULL,
    socialapp_id integer NOT NULL,
    site_id integer NOT NULL
);


ALTER TABLE public.socialaccount_socialapp_sites OWNER TO postgres;

--
-- Name: socialaccount_socialapp_sites_id_seq; Type: SEQUENCE; Schema: public; Owner: postgres
--

ALTER TABLE public.socialaccount_socialapp_sites ALTER COLUMN id ADD GENERATED BY DEFAULT AS IDENTITY (
    SEQUENCE NAME public.socialaccount_socialapp_sites_id_seq
    START WITH 1
    INCREMENT BY 1
    NO MINVALUE
    NO MAXVALUE
    CACHE 1
);


--
-- Name: socialaccount_socialtoken; Type: TABLE; Schema: public; Owner: postgres
--

CREATE TABLE public.socialaccount_socialtoken (
    id integer NOT NULL,
    token text NOT NULL,
    token_secret text NOT NULL,
    expires_at timestamp with time zone,
    account_id integer NOT NULL,
    app_id integer
);


ALTER TABLE public.socialaccount_socialtoken OWNER TO postgres;

--
-- Name: socialaccount_socialtoken_id_seq; Type: SEQUENCE; Schema: public; Owner: postgres
--

ALTER TABLE public.socialaccount_socialtoken ALTER COLUMN id ADD GENERATED BY DEFAULT AS IDENTITY (
    SEQUENCE NAME public.socialaccount_socialtoken_id_seq
    START WITH 1
    INCREMENT BY 1
    NO MINVALUE
    NO MAXVALUE
    CACHE 1
);


--
-- Name: user_customuser; Type: TABLE; Schema: public; Owner: postgres
--

CREATE TABLE public.user_customuser (
    id bigint NOT NULL,
    password character varying(128) NOT NULL,
    last_login timestamp with time zone,
    is_superuser boolean NOT NULL,
    username character varying(150) NOT NULL,
    first_name character varying(150) NOT NULL,
    last_name character varying(150) NOT NULL,
    email character varying(254) NOT NULL,
    is_staff boolean NOT NULL,
    is_active boolean NOT NULL,
    date_joined timestamp with time zone NOT NULL,
    phone_number character varying(128),
    date_of_birth date,
    gender character varying(1),
    referral_code character varying(6),
    referred_by_id bigint
);


ALTER TABLE public.user_customuser OWNER TO postgres;

--
-- Name: user_customuser_groups; Type: TABLE; Schema: public; Owner: postgres
--

CREATE TABLE public.user_customuser_groups (
    id bigint NOT NULL,
    customuser_id bigint NOT NULL,
    group_id integer NOT NULL
);


ALTER TABLE public.user_customuser_groups OWNER TO postgres;

--
-- Name: user_customuser_groups_id_seq; Type: SEQUENCE; Schema: public; Owner: postgres
--

ALTER TABLE public.user_customuser_groups ALTER COLUMN id ADD GENERATED BY DEFAULT AS IDENTITY (
    SEQUENCE NAME public.user_customuser_groups_id_seq
    START WITH 1
    INCREMENT BY 1
    NO MINVALUE
    NO MAXVALUE
    CACHE 1
);


--
-- Name: user_customuser_id_seq; Type: SEQUENCE; Schema: public; Owner: postgres
--

ALTER TABLE public.user_customuser ALTER COLUMN id ADD GENERATED BY DEFAULT AS IDENTITY (
    SEQUENCE NAME public.user_customuser_id_seq
    START WITH 1
    INCREMENT BY 1
    NO MINVALUE
    NO MAXVALUE
    CACHE 1
);


--
-- Name: user_customuser_user_permissions; Type: TABLE; Schema: public; Owner: postgres
--

CREATE TABLE public.user_customuser_user_permissions (
    id bigint NOT NULL,
    customuser_id bigint NOT NULL,
    permission_id integer NOT NULL
);


ALTER TABLE public.user_customuser_user_permissions OWNER TO postgres;

--
-- Name: user_customuser_user_permissions_id_seq; Type: SEQUENCE; Schema: public; Owner: postgres
--

ALTER TABLE public.user_customuser_user_permissions ALTER COLUMN id ADD GENERATED BY DEFAULT AS IDENTITY (
    SEQUENCE NAME public.user_customuser_user_permissions_id_seq
    START WITH 1
    INCREMENT BY 1
    NO MINVALUE
    NO MAXVALUE
    CACHE 1
);


--
-- Name: wallet_app_wallet; Type: TABLE; Schema: public; Owner: postgres
--

CREATE TABLE public.wallet_app_wallet (
    id bigint NOT NULL,
    balance numeric(10,2) NOT NULL,
    last_updated timestamp with time zone NOT NULL,
    user_id bigint NOT NULL
);


ALTER TABLE public.wallet_app_wallet OWNER TO postgres;

--
-- Name: wallet_app_wallet_id_seq; Type: SEQUENCE; Schema: public; Owner: postgres
--

ALTER TABLE public.wallet_app_wallet ALTER COLUMN id ADD GENERATED BY DEFAULT AS IDENTITY (
    SEQUENCE NAME public.wallet_app_wallet_id_seq
    START WITH 1
    INCREMENT BY 1
    NO MINVALUE
    NO MAXVALUE
    CACHE 1
);


--
-- Name: wallet_app_wallettransaction; Type: TABLE; Schema: public; Owner: postgres
--

CREATE TABLE public.wallet_app_wallettransaction (
    id bigint NOT NULL,
    transaction_type character varying(6) NOT NULL,
    amount numeric(10,2) NOT NULL,
    "timestamp" timestamp with time zone NOT NULL,
    description character varying(255) NOT NULL,
    wallet_id bigint NOT NULL
);


ALTER TABLE public.wallet_app_wallettransaction OWNER TO postgres;

--
-- Name: wallet_app_wallettransaction_id_seq; Type: SEQUENCE; Schema: public; Owner: postgres
--

ALTER TABLE public.wallet_app_wallettransaction ALTER COLUMN id ADD GENERATED BY DEFAULT AS IDENTITY (
    SEQUENCE NAME public.wallet_app_wallettransaction_id_seq
    START WITH 1
    INCREMENT BY 1
    NO MINVALUE
    NO MAXVALUE
    CACHE 1
);


--
-- Data for Name: account_app_address; Type: TABLE DATA; Schema: public; Owner: postgres
--

COPY public.account_app_address (id, name, address_title, state, city, pin, post_office, phone_number, address_line, landmark, is_listed, user_id) FROM stdin;
4	Akhil M	Work	Malappuram	Malappuram	678987	Chelambra	9876908767	Brototype , Kinfra Kakanchery	Kinfra 3rd floor kakanchery	t	8
7	Abhishek T K	Home	Kerala	Kannur	670987	Kodiyeri	7865678909	Abhi Nivas, Kodiyeri, Kannur	near onion school	t	9
6	Harilal P	Work	Malappuram	Malappuram	678987	Kozhikode	9657890894	Brototype , Kinfra Kakanchery	Kinfra 3rd floor kakanchery	t	7
8	Harilal P	Home	Malappuram	Malappuram	678908	Kondotty	9867567809	Harilalbhavan 	Near bustand	t	7
10	dilshad	Home	Kerala	Malappuram	670987	Kondotty	9876908764	sample address		t	17
11	Swathi C	Home	Kerala	Kannur	678908	Kodiyeri	9657890894	Sample Address	Near bustand	t	16
\.


--
-- Data for Name: account_emailaddress; Type: TABLE DATA; Schema: public; Owner: postgres
--

COPY public.account_emailaddress (id, email, verified, "primary", user_id) FROM stdin;
1	sidharthsidhu452@gmail.com	t	t	2
2	sidharthchirathazha@gmail.com	t	t	15
\.


--
-- Data for Name: account_emailconfirmation; Type: TABLE DATA; Schema: public; Owner: postgres
--

COPY public.account_emailconfirmation (id, created, sent, key, email_address_id) FROM stdin;
\.


--
-- Data for Name: auth_group; Type: TABLE DATA; Schema: public; Owner: postgres
--

COPY public.auth_group (id, name) FROM stdin;
\.


--
-- Data for Name: auth_group_permissions; Type: TABLE DATA; Schema: public; Owner: postgres
--

COPY public.auth_group_permissions (id, group_id, permission_id) FROM stdin;
\.


--
-- Data for Name: auth_permission; Type: TABLE DATA; Schema: public; Owner: postgres
--

COPY public.auth_permission (id, name, content_type_id, codename) FROM stdin;
1	Can add log entry	1	add_logentry
2	Can change log entry	1	change_logentry
3	Can delete log entry	1	delete_logentry
4	Can view log entry	1	view_logentry
5	Can add permission	2	add_permission
6	Can change permission	2	change_permission
7	Can delete permission	2	delete_permission
8	Can view permission	2	view_permission
9	Can add group	3	add_group
10	Can change group	3	change_group
11	Can delete group	3	delete_group
12	Can view group	3	view_group
13	Can add content type	4	add_contenttype
14	Can change content type	4	change_contenttype
15	Can delete content type	4	delete_contenttype
16	Can view content type	4	view_contenttype
17	Can add session	5	add_session
18	Can change session	5	change_session
19	Can delete session	5	delete_session
20	Can view session	5	view_session
21	Can add user	6	add_customuser
22	Can change user	6	change_customuser
23	Can delete user	6	delete_customuser
24	Can view user	6	view_customuser
25	Can add site	7	add_site
26	Can change site	7	change_site
27	Can delete site	7	delete_site
28	Can view site	7	view_site
29	Can add email address	8	add_emailaddress
30	Can change email address	8	change_emailaddress
31	Can delete email address	8	delete_emailaddress
32	Can view email address	8	view_emailaddress
33	Can add email confirmation	9	add_emailconfirmation
34	Can change email confirmation	9	change_emailconfirmation
35	Can delete email confirmation	9	delete_emailconfirmation
36	Can view email confirmation	9	view_emailconfirmation
37	Can add social account	10	add_socialaccount
38	Can change social account	10	change_socialaccount
39	Can delete social account	10	delete_socialaccount
40	Can view social account	10	view_socialaccount
41	Can add social application	11	add_socialapp
42	Can change social application	11	change_socialapp
43	Can delete social application	11	delete_socialapp
44	Can view social application	11	view_socialapp
45	Can add social application token	12	add_socialtoken
46	Can change social application token	12	change_socialtoken
47	Can delete social application token	12	delete_socialtoken
48	Can view social application token	12	view_socialtoken
49	Can add category	13	add_category
50	Can change category	13	change_category
51	Can delete category	13	delete_category
52	Can view category	13	view_category
53	Can add sub category	14	add_subcategory
54	Can change sub category	14	change_subcategory
55	Can delete sub category	14	delete_subcategory
56	Can view sub category	14	view_subcategory
57	Can add product	15	add_product
58	Can change product	15	change_product
59	Can delete product	15	delete_product
60	Can view product	15	view_product
61	Can add product color image	16	add_productcolorimage
62	Can change product color image	16	change_productcolorimage
63	Can delete product color image	16	delete_productcolorimage
64	Can view product color image	16	view_productcolorimage
65	Can add product size	17	add_productsize
66	Can change product size	17	change_productsize
67	Can delete product size	17	delete_productsize
68	Can view product size	17	view_productsize
69	Can add address	18	add_address
70	Can change address	18	change_address
71	Can delete address	18	delete_address
72	Can view address	18	view_address
73	Can add cart item	19	add_cartitem
74	Can change cart item	19	change_cartitem
75	Can delete cart item	19	delete_cartitem
76	Can view cart item	19	view_cartitem
77	Can add cart	20	add_cart
78	Can change cart	20	change_cart
79	Can delete cart	20	delete_cart
80	Can view cart	20	view_cart
81	Can add order item	21	add_orderitem
82	Can change order item	21	change_orderitem
83	Can delete order item	21	delete_orderitem
84	Can view order item	21	view_orderitem
85	Can add order	22	add_order
86	Can change order	22	change_order
87	Can delete order	22	delete_order
88	Can view order	22	view_order
89	Can add wishlist	23	add_wishlist
90	Can change wishlist	23	change_wishlist
91	Can delete wishlist	23	delete_wishlist
92	Can view wishlist	23	view_wishlist
93	Can add coupons	24	add_coupons
94	Can change coupons	24	change_coupons
95	Can delete coupons	24	delete_coupons
96	Can view coupons	24	view_coupons
97	Can add wallet	25	add_wallet
98	Can change wallet	25	change_wallet
99	Can delete wallet	25	delete_wallet
100	Can view wallet	25	view_wallet
101	Can add wallet transaction	26	add_wallettransaction
102	Can change wallet transaction	26	change_wallettransaction
103	Can delete wallet transaction	26	delete_wallettransaction
104	Can view wallet transaction	26	view_wallettransaction
105	Can add offer	27	add_offer
106	Can change offer	27	change_offer
107	Can delete offer	27	delete_offer
108	Can view offer	27	view_offer
\.


--
-- Data for Name: cart_app_cart; Type: TABLE DATA; Schema: public; Owner: postgres
--

COPY public.cart_app_cart (id, created_at, updated_at, user_id, applied_coupon_id) FROM stdin;
4	2024-07-21 15:46:08.013912+05:30	2024-07-21 15:46:08.013912+05:30	6	\N
6	2024-08-12 20:43:14.749431+05:30	2024-08-16 18:30:07.258819+05:30	9	\N
8	2024-08-17 13:36:25.975037+05:30	2024-08-17 13:36:25.975037+05:30	15	\N
9	2024-08-19 12:22:27.007938+05:30	2024-08-19 12:23:59.256754+05:30	17	\N
3	2024-07-20 17:21:40.871663+05:30	2024-08-20 18:31:41.983573+05:30	7	\N
5	2024-07-21 21:01:56.293242+05:30	2024-08-21 09:28:53.187173+05:30	8	\N
10	2024-08-19 15:18:45.223786+05:30	2024-08-21 09:37:03.544084+05:30	16	\N
\.


--
-- Data for Name: cart_app_cartitem; Type: TABLE DATA; Schema: public; Owner: postgres
--

COPY public.cart_app_cartitem (id, quantity, cart_id, product_id, product_color_id, product_size_id) FROM stdin;
181	1	6	58	63	89
183	1	9	71	85	145
194	1	5	71	85	140
\.


--
-- Data for Name: cart_app_wishlist; Type: TABLE DATA; Schema: public; Owner: postgres
--

COPY public.cart_app_wishlist (id, created_at, updated_at, product_variant_id, user_id) FROM stdin;
15	2024-08-19 12:32:16.732875+05:30	2024-08-19 12:32:16.732875+05:30	85	17
16	2024-08-20 14:40:22.196149+05:30	2024-08-20 14:40:22.196149+05:30	82	16
18	2024-08-20 19:54:05.535016+05:30	2024-08-20 19:54:05.535016+05:30	85	7
19	2024-08-20 20:00:48.076764+05:30	2024-08-20 20:00:48.076764+05:30	86	7
\.


--
-- Data for Name: category_app_category; Type: TABLE DATA; Schema: public; Owner: postgres
--

COPY public.category_app_category (id, category_name, created_at, updated_at, image, is_listed) FROM stdin;
1	MEN	2024-07-10 15:37:18.54876+05:30	2024-07-10 15:37:18.54876+05:30	category_images/Men_Cat.jpg	t
2	WOMEN	2024-07-10 15:37:42.273546+05:30	2024-07-10 15:37:42.273546+05:30	category_images/Women_Cat.jpg	t
\.


--
-- Data for Name: category_app_subcategory; Type: TABLE DATA; Schema: public; Owner: postgres
--

COPY public.category_app_subcategory (id, subcategory_name, slug, created_at, updated_at, category_id, image, is_listed, discount_percentage, is_offer_applied, applied_offer_id) FROM stdin;
1	CASUALS WOMEN	women-casual-shoes	2024-07-10 15:38:57.313444+05:30	2024-08-08 16:45:32.951212+05:30	2	subcategory_images/Women_Casual.jpg	t	0	f	\N
2	CASUALS MEN	men-casual-shoes	2024-07-10 15:54:05.857285+05:30	2024-08-08 21:02:45.407213+05:30	1	subcategory_images/Men_casuals.jpg	t	0	f	\N
4	FORMALS WOMEN	women-formal-shoes	2024-07-10 15:54:56.577644+05:30	2024-08-10 09:52:15.242705+05:30	2	subcategory_images/Women_Formal.jpg	t	0	f	\N
3	FORMALS MEN	men-formal-shoes	2024-07-10 15:54:37.899426+05:30	2024-08-16 20:38:29.04078+05:30	1	subcategory_images/Men_Formals.jpg	t	0	f	\N
\.


--
-- Data for Name: coupon_app_coupons; Type: TABLE DATA; Schema: public; Owner: postgres
--

COPY public.coupon_app_coupons (id, title, code, valid_from, expiry, discount_amount, discount_percentage, min_limit, is_active, created_on, description) FROM stdin;
5	HELLO 30	G5T959C	2024-08-12 05:30:00+05:30	2024-08-17 05:30:00+05:30	\N	30	6000.00	f	2024-07-29 15:17:55.125255+05:30	30% off for orders above 6000
4	WEEKEND 500	TLBSESN	2024-08-21 05:30:00+05:30	2024-08-28 05:30:00+05:30	500.00	\N	3000.00	t	2024-07-29 15:15:49.206227+05:30	500 Rs. off on orders above 3000 Rs.
3	WELCOME 1000	SGBJL5E	2024-08-21 05:30:00+05:30	2024-08-28 05:30:00+05:30	1000.00	\N	5000.00	t	2024-07-28 21:25:04.175635+05:30	1000 Rs. off for orders above 5000 Rs.
\.


--
-- Data for Name: django_admin_log; Type: TABLE DATA; Schema: public; Owner: postgres
--

COPY public.django_admin_log (id, action_time, object_id, object_repr, action_flag, change_message, content_type_id, user_id) FROM stdin;
48	2024-07-23 21:37:31.43213+05:30	4	FORMAL SHOES W	2	[{"changed": {"fields": ["Subcategory name"]}}]	14	6
49	2024-07-23 21:37:37.107097+05:30	3	FORMAL SHOES M	2	[{"changed": {"fields": ["Subcategory name"]}}]	14	6
50	2024-07-23 21:37:44.70895+05:30	2	CASUAL SHOES M	2	[{"changed": {"fields": ["Subcategory name"]}}]	14	6
51	2024-07-23 21:37:50.371253+05:30	1	CASUAL SHOES W	2	[{"changed": {"fields": ["Subcategory name"]}}]	14	6
52	2024-07-23 21:38:11.249657+05:30	34	Nike Initiator Women	2	[{"changed": {"fields": ["Subcategory id"]}}]	15	6
53	2024-07-23 21:39:24.728863+05:30	33	ADIDAS Originals Gazelle Sneakers	2	[]	15	6
54	2024-07-23 21:39:28.772025+05:30	32	Louis Philippe Penny Loafers	2	[]	15	6
55	2024-07-23 21:39:36.390967+05:30	31	Puma Women Adelina Slip ons	2	[{"changed": {"fields": ["Subcategory id"]}}]	15	6
56	2024-07-23 21:39:44.201368+05:30	30	Puma Solid C Block Sneakers	2	[{"changed": {"fields": ["Subcategory id"]}}]	15	6
57	2024-07-23 21:39:53.686173+05:30	29	Nike Men Ebernon Sneakers	2	[{"changed": {"fields": ["Subcategory id"]}}]	15	6
58	2024-07-23 21:40:06.328751+05:30	26	ELLE Heel Pumps	2	[{"changed": {"fields": ["Subcategory id"]}}]	15	6
59	2024-07-23 21:40:13.046675+05:30	25	MANGO Heeled Pumps	2	[{"changed": {"fields": ["Subcategory id"]}}]	15	6
60	2024-07-23 21:40:39.067652+05:30	24	Delize Formal Slip on	2	[]	15	6
61	2024-07-23 21:40:50.095482+05:30	23	Skechers On The Go Flex Slip Ons	2	[{"changed": {"fields": ["Subcategory id"]}}]	15	6
62	2024-07-23 21:40:58.415215+05:30	20	Puma Smashic Sneakers	2	[{"changed": {"fields": ["Subcategory id"]}}]	15	6
63	2024-07-23 21:41:05.716501+05:30	19	ECCO Formal Derbys	2	[]	15	6
64	2024-07-23 21:41:11.285212+05:30	18	Cole Haan M Formal Oxfords	2	[]	15	6
65	2024-07-23 21:41:16.460637+05:30	18	Cole Haan M Formal Oxfords	2	[]	15	6
66	2024-07-23 21:41:35.440329+05:30	18	Cole Haan M Formal Oxfords	2	[]	15	6
67	2024-07-23 21:41:40.157852+05:30	17	ALDO Buckled Loafers	2	[]	15	6
68	2024-07-23 21:41:49.446139+05:30	16	New Balance Men 574 Sneakers	2	[{"changed": {"fields": ["Subcategory id"]}}]	15	6
69	2024-07-23 21:42:04.902102+05:30	13	Nike P 6000	2	[{"changed": {"fields": ["Subcategory id"]}}]	15	6
70	2024-07-23 21:42:11.402759+05:30	12	ADIDAS Orginals Samba	2	[{"changed": {"fields": ["Subcategory id"]}}]	15	6
71	2024-07-23 21:42:16.901921+05:30	12	ADIDAS Orginals Samba	2	[]	15	6
72	2024-07-23 21:42:22.854503+05:30	11	ADIDAS Orginals Ozweego	2	[{"changed": {"fields": ["Subcategory id"]}}]	15	6
73	2024-07-23 21:45:17.48688+05:30	34	Nike Initiator Women	2	[]	15	6
74	2024-07-23 21:51:34.452852+05:30	33	ADIDAS Originals Gazelle Sneakers	2	[]	15	6
75	2024-07-23 21:51:41.447819+05:30	33	ADIDAS Originals Gazelle Sneakers	2	[]	15	6
76	2024-07-24 09:08:41.176708+05:30	34	Nike Initiator Women	2	[]	15	6
77	2024-07-24 09:08:56.800343+05:30	33	ADIDAS Originals Gazelle Sneakers	2	[]	15	6
78	2024-07-24 09:09:39.670169+05:30	34	Nike Initiator Women	2	[]	15	6
79	2024-07-24 09:09:44.770157+05:30	33	ADIDAS Originals Gazelle Sneakers	2	[]	15	6
80	2024-07-24 09:09:57.063153+05:30	34	Nike Initiator Women	2	[{"changed": {"fields": ["Is listed"]}}]	15	6
81	2024-07-24 09:10:01.026487+05:30	34	Nike Initiator Women	2	[{"changed": {"fields": ["Is listed"]}}]	15	6
82	2024-07-24 09:10:04.228595+05:30	33	ADIDAS Originals Gazelle Sneakers	2	[{"changed": {"fields": ["Is listed"]}}]	15	6
83	2024-07-24 09:10:40.239195+05:30	2	CASUAL SHOES M	2	[]	14	6
84	2024-07-24 09:10:44.540691+05:30	4	FORMAL SHOES W	2	[]	14	6
85	2024-07-24 09:10:52.348208+05:30	1	CASUAL SHOES W	2	[]	14	6
86	2024-07-24 09:16:02.189443+05:30	33	ADIDAS Originals Gazelle Sneakers	3		15	6
87	2024-07-24 09:35:29.765531+05:30	4	FORMALS WOMEN	2	[{"changed": {"fields": ["Subcategory name"]}}]	14	6
88	2024-07-24 09:35:40.364694+05:30	3	FORMALS MEN	2	[{"changed": {"fields": ["Subcategory name"]}}]	14	6
89	2024-07-24 09:35:49.362466+05:30	2	CASUALS WOMEN	2	[{"changed": {"fields": ["Subcategory name"]}}]	14	6
90	2024-07-24 09:36:06.931359+05:30	1	CASUALS MEN	2	[{"changed": {"fields": ["Subcategory name", "Category"]}}]	14	6
91	2024-07-24 09:36:11.953868+05:30	2	CASUALS WOMEN	2	[{"changed": {"fields": ["Category"]}}]	14	6
92	2024-07-24 09:36:28.455922+05:30	4	FORMALS WOMEN	2	[]	14	6
93	2024-07-24 09:36:34.992924+05:30	3	FORMALS MEN	2	[]	14	6
94	2024-07-24 09:36:53.503877+05:30	2	CASUALS MEN	2	[{"changed": {"fields": ["Subcategory name"]}}]	14	6
95	2024-07-24 09:37:08.514016+05:30	1	CASUALS WOMEN	2	[{"changed": {"fields": ["Subcategory name", "Category"]}}]	14	6
96	2024-07-24 09:37:52.345738+05:30	2	CASUALS MEN	2	[{"changed": {"fields": ["Category"]}}]	14	6
97	2024-07-24 09:37:59.23372+05:30	1	CASUALS WOMEN	2	[]	14	6
98	2024-07-24 09:38:02.847096+05:30	2	CASUALS MEN	2	[]	14	6
99	2024-07-24 09:38:06.812325+05:30	1	CASUALS WOMEN	2	[]	14	6
100	2024-07-24 09:38:31.625625+05:30	35	ADIDAS Originals Gazelle Sneakers	2	[{"changed": {"fields": ["Is listed"]}}]	15	6
101	2024-07-24 09:38:40.447493+05:30	34	Nike Initiator Women	2	[]	15	6
102	2024-07-24 09:38:48.425113+05:30	32	Louis Philippe Penny Loafers	2	[]	15	6
103	2024-07-24 09:38:55.878762+05:30	31	Puma Women Adelina Slip ons	2	[]	15	6
104	2024-07-24 09:39:05.334423+05:30	30	Puma Solid C Block Sneakers	2	[]	15	6
105	2024-07-24 09:39:12.521085+05:30	29	Nike Men Ebernon Sneakers	2	[]	15	6
106	2024-07-24 09:39:22.009677+05:30	26	ELLE Heel Pumps	2	[]	15	6
107	2024-07-24 09:39:39.206857+05:30	26	ELLE Heel Pumps	2	[]	15	6
108	2024-07-24 09:39:43.679673+05:30	25	MANGO Heeled Pumps	2	[]	15	6
109	2024-07-24 09:39:51.410936+05:30	25	MANGO Heeled Pumps	2	[]	15	6
110	2024-07-24 09:39:57.806989+05:30	24	Delize Formal Slip on	2	[]	15	6
111	2024-07-24 09:40:02.870383+05:30	23	Skechers On The Go Flex Slip Ons	2	[]	15	6
112	2024-07-24 09:40:07.982351+05:30	20	Puma Smashic Sneakers	2	[]	15	6
113	2024-07-24 09:40:11.910492+05:30	20	Puma Smashic Sneakers	2	[]	15	6
114	2024-07-24 09:40:15.544684+05:30	19	ECCO Formal Derbys	2	[]	15	6
115	2024-07-24 09:40:27.318426+05:30	19	ECCO Formal Derbys	2	[]	15	6
116	2024-07-24 09:40:33.246643+05:30	18	Cole Haan M Formal Oxfords	2	[]	15	6
117	2024-07-24 09:40:37.917278+05:30	17	ALDO Buckled Loafers	2	[]	15	6
118	2024-07-24 09:40:42.139122+05:30	16	New Balance Men 574 Sneakers	2	[]	15	6
119	2024-07-24 09:40:45.765252+05:30	13	Nike P 6000	2	[]	15	6
120	2024-07-24 09:40:50.126154+05:30	12	ADIDAS Orginals Samba	2	[]	15	6
121	2024-07-24 09:40:53.737972+05:30	11	ADIDAS Orginals Ozweego	2	[]	15	6
122	2024-07-25 21:10:27.819595+05:30	11	1 of Nike Men Ebernon Sneakers (Size: 9)	2	[{"changed": {"fields": ["Status"]}}]	21	6
123	2024-07-26 11:49:37.203675+05:30	11	1 of Nike Men Ebernon Sneakers (Size: 9)	3		21	6
124	2024-07-26 11:49:37.214194+05:30	10	1 of Puma Solid C Block Sneakers (Size: 8)	3		21	6
125	2024-07-26 11:49:37.216191+05:30	9	2 of Puma Solid C Block Sneakers (Size: 8)	3		21	6
126	2024-07-26 11:49:37.218194+05:30	6	2 of ADIDAS Orginals Ozweego (Size: 9)	3		21	6
127	2024-07-26 11:49:37.219192+05:30	4	3 of ECCO Formal Derbys (Size: 7)	3		21	6
128	2024-07-26 12:25:54.805504+05:30	13	5 of ADIDAS Orginals Ozweego (Size: 9)	3		21	6
129	2024-07-26 12:25:54.821411+05:30	12	5 of ADIDAS Orginals Ozweego (Size: 9)	3		21	6
130	2024-07-28 21:23:30.761339+05:30	2	hello123	3		24	6
131	2024-07-28 21:23:30.77107+05:30	1	WELCOME 1000	3		24	6
132	2024-07-29 09:32:08.283746+05:30	15	Order 15 by harilal123	3		22	6
133	2024-07-29 09:32:08.299667+05:30	14	Order 14 by harilal123	3		22	6
134	2024-07-29 09:32:08.299667+05:30	13	Order 13 by harilal123	3		22	6
135	2024-07-29 09:32:08.299667+05:30	12	Order 12 by harilal123	3		22	6
136	2024-07-29 09:32:08.299667+05:30	11	Order 11 by harilal123	3		22	6
137	2024-07-29 09:32:08.299667+05:30	10	Order 10 by harilal123	3		22	6
138	2024-07-29 09:32:08.307684+05:30	9	Order 9 by harilal123	3		22	6
139	2024-07-29 09:32:08.307684+05:30	6	Order 6 by akhil123	3		22	6
140	2024-07-29 09:32:08.307684+05:30	4	Order 4 by akhil123	3		22	6
141	2024-07-30 15:32:48.076467+05:30	20	Order 20 by harilal123	3		22	6
142	2024-07-30 15:32:48.087469+05:30	19	Order 19 by harilal123	3		22	6
143	2024-07-30 15:32:48.088462+05:30	18	Order 18 by harilal123	3		22	6
144	2024-07-30 15:32:48.089466+05:30	17	Order 17 by harilal123	3		22	6
145	2024-07-30 15:32:48.091458+05:30	16	Order 16 by harilal123	3		22	6
146	2024-07-30 16:21:36.327349+05:30	21	Order 21 by harilal123	3		22	6
147	2024-07-31 20:24:48.804253+05:30	1	harilal123's Wallet	2	[{"changed": {"fields": ["Balance"]}}]	25	6
148	2024-07-31 20:43:04.095907+05:30	1	harilal123's Wallet	2	[{"changed": {"fields": ["Balance"]}}]	25	6
149	2024-08-02 16:47:29.195131+05:30	36	Puma Solid C Block Sneakers - White	3		16	6
150	2024-08-02 16:49:36.141881+05:30	37	asdasd - Pink	3		16	6
151	2024-08-02 19:24:34.255452+05:30	4	WOMEN'S DAY SALE	3		27	6
152	2024-08-02 19:24:34.26045+05:30	1	HAPPY DIWALI SALE	3		27	6
153	2024-08-02 21:11:44.381219+05:30	37	asdasd	3		15	6
154	2024-08-03 16:54:31.382429+05:30	28	Order 28 by harilal123	3		22	6
155	2024-08-03 16:54:31.400372+05:30	27	Order 27 by harilal123	3		22	6
156	2024-08-03 16:54:31.402368+05:30	26	Order 26 by harilal123	3		22	6
157	2024-08-03 16:54:31.40463+05:30	25	Order 25 by harilal123	3		22	6
158	2024-08-03 16:54:31.405707+05:30	24	Order 24 by harilal123	3		22	6
159	2024-08-03 16:54:31.407656+05:30	23	Order 23 by harilal123	3		22	6
160	2024-08-03 16:54:31.408716+05:30	22	Order 22 by harilal123	3		22	6
161	2024-08-03 18:18:02.101122+05:30	29	Order 29 by harilal123	3		22	6
162	2024-08-03 18:18:26.709139+05:30	7	END OF THE SEASON SALE	3		27	6
163	2024-08-03 18:18:26.713908+05:30	6	WOMEN'S DAY SALE	3		27	6
164	2024-08-04 21:09:53.970502+05:30	43	Order 43 by harilal123	3		22	6
165	2024-08-04 21:09:53.987339+05:30	42	Order 42 by harilal123	3		22	6
166	2024-08-04 21:09:53.98834+05:30	41	Order 41 by harilal123	3		22	6
167	2024-08-04 21:09:53.989339+05:30	40	Order 40 by harilal123	3		22	6
168	2024-08-04 21:09:53.990339+05:30	39	Order 39 by harilal123	3		22	6
169	2024-08-04 21:09:53.991338+05:30	38	Order 38 by harilal123	3		22	6
170	2024-08-04 21:09:53.992703+05:30	37	Order 37 by harilal123	3		22	6
171	2024-08-04 21:09:53.993317+05:30	35	Order 35 by harilal123	3		22	6
172	2024-08-04 21:09:53.993892+05:30	34	Order 34 by harilal123	3		22	6
173	2024-08-04 21:09:53.993892+05:30	33	Order 33 by harilal123	3		22	6
174	2024-08-04 21:09:53.994905+05:30	32	Order 32 by harilal123	3		22	6
175	2024-08-04 21:09:53.994905+05:30	31	Order 31 by harilal123	3		22	6
176	2024-08-04 21:09:53.995901+05:30	30	Order 30 by harilal123	3		22	6
177	2024-08-04 21:18:48.712595+05:30	1	harilal123's Wallet	2	[{"changed": {"fields": ["Balance"]}}]	25	6
178	2024-08-05 00:09:36.531291+05:30	60	Order 60 by harilal123	3		22	6
179	2024-08-05 00:09:36.551171+05:30	59	Order 59 by harilal123	3		22	6
180	2024-08-05 00:09:36.553266+05:30	58	Order 58 by harilal123	3		22	6
181	2024-08-05 00:09:36.555189+05:30	57	Order 57 by harilal123	3		22	6
182	2024-08-05 00:09:36.556239+05:30	56	Order 56 by harilal123	3		22	6
183	2024-08-05 00:09:36.558186+05:30	55	Order 55 by harilal123	3		22	6
184	2024-08-05 00:09:36.559256+05:30	54	Order 54 by harilal123	3		22	6
185	2024-08-05 00:09:36.56019+05:30	53	Order 53 by harilal123	3		22	6
186	2024-08-05 00:09:36.562185+05:30	52	Order 52 by harilal123	3		22	6
187	2024-08-05 00:09:36.563186+05:30	51	Order 51 by harilal123	3		22	6
188	2024-08-05 00:09:36.564187+05:30	50	Order 50 by harilal123	3		22	6
189	2024-08-05 00:09:36.565191+05:30	49	Order 49 by harilal123	3		22	6
190	2024-08-05 00:09:36.567186+05:30	48	Order 48 by harilal123	3		22	6
191	2024-08-05 00:09:36.568188+05:30	47	Order 47 by harilal123	3		22	6
192	2024-08-05 00:09:36.570188+05:30	46	Order 46 by harilal123	3		22	6
193	2024-08-05 00:09:36.571197+05:30	45	Order 45 by harilal123	3		22	6
194	2024-08-05 00:09:36.572311+05:30	44	Order 44 by harilal123	3		22	6
195	2024-08-05 00:24:28.023417+05:30	64	Order 64 by harilal123	3		22	6
196	2024-08-05 00:24:28.031328+05:30	63	Order 63 by harilal123	3		22	6
197	2024-08-05 00:24:28.032341+05:30	62	Order 62 by harilal123	3		22	6
198	2024-08-05 00:24:28.035342+05:30	61	Order 61 by harilal123	3		22	6
199	2024-08-05 13:35:56.15432+05:30	77	Order 77 by harilal123	3		22	6
200	2024-08-05 13:35:56.170311+05:30	76	Order 76 by harilal123	3		22	6
201	2024-08-05 13:35:56.172848+05:30	75	Order 75 by harilal123	3		22	6
202	2024-08-05 13:35:56.17485+05:30	74	Order 74 by harilal123	3		22	6
203	2024-08-05 13:35:56.17685+05:30	73	Order 73 by harilal123	3		22	6
204	2024-08-05 13:35:56.177852+05:30	72	Order 72 by harilal123	3		22	6
205	2024-08-05 13:35:56.179859+05:30	71	Order 71 by harilal123	3		22	6
206	2024-08-05 13:35:56.180853+05:30	70	Order 70 by harilal123	3		22	6
207	2024-08-05 13:35:56.182849+05:30	69	Order 69 by harilal123	3		22	6
208	2024-08-05 13:35:56.184857+05:30	68	Order 68 by harilal123	3		22	6
209	2024-08-05 13:35:56.185849+05:30	67	Order 67 by harilal123	3		22	6
210	2024-08-05 13:35:56.187848+05:30	66	Order 66 by harilal123	3		22	6
211	2024-08-05 13:35:56.189848+05:30	65	Order 65 by harilal123	3		22	6
212	2024-08-05 14:39:09.79074+05:30	83	Order 83 by harilal123	3		22	6
213	2024-08-05 14:39:09.808789+05:30	82	Order 82 by harilal123	3		22	6
214	2024-08-05 14:39:09.811729+05:30	81	Order 81 by harilal123	3		22	6
215	2024-08-05 14:39:09.813309+05:30	80	Order 80 by harilal123	3		22	6
216	2024-08-05 14:39:09.814033+05:30	79	Order 79 by harilal123	3		22	6
217	2024-08-05 14:39:09.816053+05:30	78	Order 78 by harilal123	3		22	6
218	2024-08-05 18:42:52.444848+05:30	89	Order 89 by harilal123	3		22	6
219	2024-08-05 18:42:52.452845+05:30	88	Order 88 by harilal123	3		22	6
220	2024-08-05 18:42:52.454847+05:30	87	Order 87 by harilal123	3		22	6
221	2024-08-05 18:42:52.455913+05:30	86	Order 86 by harilal123	3		22	6
222	2024-08-05 18:42:52.457916+05:30	85	Order 85 by harilal123	3		22	6
223	2024-08-05 18:42:52.461916+05:30	84	Order 84 by harilal123	3		22	6
224	2024-08-06 00:08:03.330541+05:30	8	123hello	3		24	6
225	2024-08-06 00:08:03.344593+05:30	7	helo 123	3		24	6
226	2024-08-06 00:08:03.345681+05:30	6	hello 500	3		24	6
227	2024-08-06 09:19:40.01807+05:30	9	Hai 500	3		24	6
228	2024-08-08 13:45:49.312476+05:30	38	PUMA Women RS Pulsoid	3		15	6
229	2024-08-08 13:56:11.781305+05:30	35	ADIDAS Originals Gazelle Sneakers	3		15	6
230	2024-08-08 14:11:38.414246+05:30	95	Order 95 by harilal123	3		22	6
231	2024-08-08 14:11:38.428706+05:30	94	Order 94 by harilal123	3		22	6
232	2024-08-08 14:11:38.43139+05:30	93	Order 93 by harilal123	3		22	6
233	2024-08-08 14:11:38.433312+05:30	92	Order 92 by harilal123	3		22	6
234	2024-08-08 14:11:38.435337+05:30	91	Order 91 by harilal123	3		22	6
235	2024-08-08 14:11:38.436336+05:30	90	Order 90 by harilal123	3		22	6
236	2024-08-08 14:11:50.341471+05:30	40	ADIDAS ORIGINALS Women Gazelle	3		15	6
237	2024-08-08 14:50:22.416043+05:30	39	PUMA Women RS Pulsoid	3		15	6
238	2024-08-08 15:55:59.969855+05:30	42	DUNE LONDON Anastasia Textured Chunky Heels	3		15	6
239	2024-08-08 18:49:52.40481+05:30	100	Order 100 by harilal123	2	[{"changed": {"fields": ["Order date"]}}]	22	6
240	2024-08-08 18:50:11.791222+05:30	99	Order 99 by harilal123	2	[{"changed": {"fields": ["Order date"]}}]	22	6
241	2024-08-08 18:50:24.364703+05:30	97	Order 97 by harilal123	2	[{"changed": {"fields": ["Order date"]}}]	22	6
242	2024-08-09 12:18:10.707429+05:30	100	Order 100 by harilal123	3		22	6
243	2024-08-09 12:18:10.726713+05:30	99	Order 99 by harilal123	3		22	6
244	2024-08-09 12:18:10.728714+05:30	98	Order 98 by harilal123	3		22	6
245	2024-08-09 12:18:10.729833+05:30	97	Order 97 by harilal123	3		22	6
246	2024-08-09 12:18:10.730848+05:30	96	Order 96 by harilal123	3		22	6
247	2024-08-10 18:58:11.341175+05:30	13	Men' day sale	3		27	6
248	2024-08-10 18:58:11.36417+05:30	9	END OF THE SEASON SALE	3		27	6
249	2024-08-10 18:58:11.36617+05:30	8	WOMEN'S DAY SALE	3		27	6
250	2024-08-10 19:42:09.382003+05:30	16	SAMPLE OFFER	2	[{"changed": {"fields": ["Start date", "End date"]}}]	27	6
251	2024-08-10 19:42:31.390664+05:30	16	SAMPLE OFFER	2	[]	27	6
252	2024-08-12 19:54:24.773259+05:30	10	shamin123	3		6	6
253	2024-08-13 11:54:00.526798+05:30	114	Order 114 by abhishek123	3		22	6
254	2024-08-13 20:53:15.256852+05:30	36	Puma Solid C Block Sneakers	3		15	6
255	2024-08-13 20:53:15.269821+05:30	30	Puma Solid C Block Sneakers	3		15	6
256	2024-08-13 20:53:28.770907+05:30	34	Nike Initiator Women	3		15	6
257	2024-08-13 20:58:16.006135+05:30	32	Louis Philippe Penny Loafers	3		15	6
258	2024-08-13 21:01:41.57703+05:30	13	harilal123 - REEBOK Men Training Shoes (Grey, S	3		23	6
259	2024-08-13 21:01:41.583526+05:30	12	harilal123 - SKECHERS Men Go Run Swirl Tech Running Shoes (Brown, S	3		23	6
260	2024-08-13 21:01:41.584583+05:30	11	harilal123 - Puma Women Adelina Slip ons (Pink, S	3		23	6
261	2024-08-13 21:02:10.086489+05:30	31	Puma Women Adelina Slip ons	3		15	6
262	2024-08-13 21:02:10.099824+05:30	29	Nike Men Ebernon Sneakers	3		15	6
263	2024-08-13 21:02:10.102301+05:30	26	ELLE Heel Pumps	3		15	6
264	2024-08-13 21:02:10.103655+05:30	25	MANGO Heeled Pumps	3		15	6
265	2024-08-13 21:02:10.105747+05:30	24	Delize Formal Slip on	3		15	6
266	2024-08-13 21:02:10.106674+05:30	23	Skechers On The Go Flex Slip Ons	3		15	6
267	2024-08-13 21:02:10.108754+05:30	20	Puma Smashic Sneakers	3		15	6
268	2024-08-13 21:02:10.109843+05:30	19	ECCO Formal Derbys	3		15	6
269	2024-08-13 21:02:10.110823+05:30	18	Cole Haan M Formal Oxfords	3		15	6
270	2024-08-13 21:02:10.112771+05:30	17	ALDO Buckled Loafers	3		15	6
271	2024-08-13 21:02:10.113771+05:30	16	New Balance Men 574 Sneakers	3		15	6
272	2024-08-14 19:17:25.696434+05:30	3	sadasd	3		13	6
273	2024-08-14 19:49:46.776906+05:30	5	sdfsdf	3		14	6
274	2024-08-17 19:20:33.329656+05:30	6	ADIDAS Orginals Ozweego - Yellow	2	[{"changed": {"fields": ["Color name"]}}]	16	6
275	2024-08-19 15:51:58.81306+05:30	18	rohit123	3		6	6
276	2024-08-19 15:51:58.827438+05:30	13	rishu123	3		6	6
277	2024-08-19 15:56:34.345827+05:30	20	rohit123	3		6	6
278	2024-08-19 17:53:08.141373+05:30	21	rohit123	3		6	6
\.


--
-- Data for Name: django_content_type; Type: TABLE DATA; Schema: public; Owner: postgres
--

COPY public.django_content_type (id, app_label, model) FROM stdin;
1	admin	logentry
2	auth	permission
3	auth	group
4	contenttypes	contenttype
5	sessions	session
6	user	customuser
7	sites	site
8	account	emailaddress
9	account	emailconfirmation
10	socialaccount	socialaccount
11	socialaccount	socialapp
12	socialaccount	socialtoken
13	category_app	category
14	category_app	subcategory
15	product_app	product
16	product_app	productcolorimage
17	product_app	productsize
18	account_app	address
19	cart_app	cartitem
20	cart_app	cart
21	order_app	orderitem
22	order_app	order
23	cart_app	wishlist
24	coupon_app	coupons
25	wallet_app	wallet
26	wallet_app	wallettransaction
27	offer_app	offer
\.


--
-- Data for Name: django_migrations; Type: TABLE DATA; Schema: public; Owner: postgres
--

COPY public.django_migrations (id, app, name, applied) FROM stdin;
1	contenttypes	0001_initial	2024-07-10 09:58:05.019813+05:30
2	contenttypes	0002_remove_content_type_name	2024-07-10 09:58:05.024821+05:30
3	auth	0001_initial	2024-07-10 09:58:05.05223+05:30
4	auth	0002_alter_permission_name_max_length	2024-07-10 09:58:05.055659+05:30
5	auth	0003_alter_user_email_max_length	2024-07-10 09:58:05.058674+05:30
6	auth	0004_alter_user_username_opts	2024-07-10 09:58:05.061672+05:30
7	auth	0005_alter_user_last_login_null	2024-07-10 09:58:05.064664+05:30
8	auth	0006_require_contenttypes_0002	2024-07-10 09:58:05.064664+05:30
9	auth	0007_alter_validators_add_error_messages	2024-07-10 09:58:05.068085+05:30
10	auth	0008_alter_user_username_max_length	2024-07-10 09:58:05.071079+05:30
11	auth	0009_alter_user_last_name_max_length	2024-07-10 09:58:05.073077+05:30
12	auth	0010_alter_group_name_max_length	2024-07-10 09:58:05.077077+05:30
13	auth	0011_update_proxy_permissions	2024-07-10 09:58:05.079076+05:30
14	auth	0012_alter_user_first_name_max_length	2024-07-10 09:58:05.082077+05:30
15	user	0001_initial	2024-07-10 09:58:05.110216+05:30
16	account	0001_initial	2024-07-10 09:58:05.132324+05:30
17	account	0002_email_max_length	2024-07-10 09:58:05.136331+05:30
18	account	0003_alter_emailaddress_create_unique_verified_email	2024-07-10 09:58:05.145524+05:30
19	account	0004_alter_emailaddress_drop_unique_email	2024-07-10 09:58:05.15828+05:30
20	account	0005_emailaddress_idx_upper_email	2024-07-10 09:58:05.165663+05:30
21	account	0006_emailaddress_lower	2024-07-10 09:58:05.174679+05:30
22	account	0007_emailaddress_idx_email	2024-07-10 09:58:05.184309+05:30
23	account	0008_emailaddress_unique_primary_email_fixup	2024-07-10 09:58:05.191671+05:30
24	account	0009_emailaddress_unique_primary_email	2024-07-10 09:58:05.196938+05:30
25	admin	0001_initial	2024-07-10 09:58:05.209949+05:30
26	admin	0002_logentry_remove_auto_add	2024-07-10 09:58:05.213314+05:30
27	admin	0003_logentry_add_action_flag_choices	2024-07-10 09:58:05.217309+05:30
28	category_app	0001_initial	2024-07-10 09:58:05.226321+05:30
29	category_app	0002_remove_category_category_image_and_more	2024-07-10 09:58:05.241194+05:30
30	category_app	0003_category_category_image_category_created_at_and_more	2024-07-10 09:58:05.251359+05:30
31	category_app	0004_remove_category_category_image_and_more	2024-07-10 09:58:05.254233+05:30
32	category_app	0005_category_image_subcategory_image	2024-07-10 09:58:05.257237+05:30
33	category_app	0006_alter_subcategory_subcategory_name	2024-07-10 09:58:05.261234+05:30
34	category_app	0007_alter_subcategory_unique_together	2024-07-10 09:58:05.265859+05:30
35	category_app	0008_subcategory_is_lsited	2024-07-10 09:58:05.267873+05:30
36	category_app	0009_rename_is_lsited_subcategory_is_listed	2024-07-10 09:58:05.269865+05:30
37	product_app	0001_initial	2024-07-10 09:58:05.292532+05:30
38	product_app	0002_productsize	2024-07-10 09:58:05.299928+05:30
39	product_app	0003_alter_product_product_name_alter_productsize_size	2024-07-10 09:58:05.310352+05:30
40	product_app	0004_product_is_listed	2024-07-10 09:58:05.315358+05:30
41	sessions	0001_initial	2024-07-10 09:58:05.321454+05:30
42	sites	0001_initial	2024-07-10 09:58:05.325452+05:30
43	sites	0002_alter_domain_unique	2024-07-10 09:58:05.329453+05:30
44	socialaccount	0001_initial	2024-07-10 09:58:05.374818+05:30
45	socialaccount	0002_token_max_lengths	2024-07-10 09:58:05.386825+05:30
46	socialaccount	0003_extra_data_default_dict	2024-07-10 09:58:05.391819+05:30
47	socialaccount	0004_app_provider_id_settings	2024-07-10 09:58:05.404025+05:30
48	socialaccount	0005_socialtoken_nullable_app	2024-07-10 09:58:05.416818+05:30
49	socialaccount	0006_alter_socialaccount_extra_data	2024-07-10 09:58:05.426818+05:30
50	product_app	0005_alter_product_description	2024-07-11 13:45:50.481803+05:30
51	product_app	0006_alter_product_product_name	2024-07-11 13:51:34.037599+05:30
52	product_app	0007_alter_product_slug	2024-07-11 13:57:08.094747+05:30
53	account_app	0001_initial	2024-07-16 16:58:21.883763+05:30
54	cart_app	0001_initial	2024-07-17 12:46:52.638032+05:30
55	cart_app	0002_alter_cartitem_quantity	2024-07-18 16:18:17.951204+05:30
56	user	0002_customuser_date_of_birth_customuser_gender	2024-07-19 12:57:11.472663+05:30
57	account_app	0002_rename_address_type_address_address_title_and_more	2024-07-19 20:13:24.20325+05:30
58	order_app	0001_initial	2024-07-20 19:09:39.577732+05:30
59	order_app	0002_order_order_unique_id	2024-07-21 15:17:38.63768+05:30
60	order_app	0003_alter_orderitem_status	2024-07-22 09:32:41.76007+05:30
61	product_app	0008_product_featured	2024-07-23 14:15:17.089784+05:30
62	category_app	0010_category_is_listed	2024-07-23 18:26:08.151387+05:30
63	order_app	0004_order_delivery_address_line_and_more	2024-07-24 13:26:03.507826+05:30
64	order_app	0005_orderitem_return_request_date_and_more	2024-07-25 19:38:08.308653+05:30
65	order_app	0006_rename_return_request_date_orderitem_return_eligible_day_one	2024-07-25 21:08:39.639599+05:30
66	order_app	0007_alter_orderitem_status	2024-07-26 12:24:32.832795+05:30
67	cart_app	0003_wishlist	2024-07-27 10:27:07.673866+05:30
68	cart_app	0004_alter_wishlist_unique_together_and_more	2024-07-27 15:49:54.436753+05:30
69	coupon_app	0001_initial	2024-07-28 16:58:50.475372+05:30
70	coupon_app	0002_remove_coupons_max_limit_coupons_description	2024-07-28 20:29:06.36954+05:30
71	order_app	0008_order_coupon	2024-07-30 09:59:32.589422+05:30
72	order_app	0009_order_discount_amount	2024-07-30 12:59:03.336543+05:30
73	order_app	0010_alter_order_payment_method	2024-07-31 18:51:20.102814+05:30
74	wallet_app	0001_initial	2024-07-31 18:51:20.219987+05:30
75	offer_app	0001_initial	2024-08-01 19:30:37.534612+05:30
76	wallet_app	0002_alter_wallettransaction_description	2024-08-01 19:30:37.544662+05:30
77	offer_app	0002_offer_offer_type	2024-08-02 09:47:01.467447+05:30
78	category_app	0011_subcategory_discount_percentage_and_more	2024-08-02 19:23:49.499877+05:30
79	offer_app	0003_remove_offer_products_remove_offer_subcategories	2024-08-02 19:23:49.560547+05:30
80	product_app	0009_product_discount_percentage_product_is_offer_applied	2024-08-02 19:23:49.589499+05:30
81	product_app	0010_product_discounted_price	2024-08-02 23:50:26.859091+05:30
82	category_app	0012_alter_subcategory_discount_percentage	2024-08-03 18:23:16.261545+05:30
83	product_app	0011_alter_product_discount_percentage	2024-08-03 18:23:16.28628+05:30
84	cart_app	0005_cart_applied_coupon	2024-08-04 00:07:36.844239+05:30
85	order_app	0011_order_razorpay_order_id_order_razorpay_payment_id	2024-08-04 16:01:15.091576+05:30
86	order_app	0012_order_payment_status	2024-08-04 16:25:11.532921+05:30
87	order_app	0013_order_offer_total	2024-08-05 13:35:10.602063+05:30
88	order_app	0014_rename_offer_total_order_offer_discount_total	2024-08-05 14:42:34.019879+05:30
89	order_app	0015_alter_order_payment_status	2024-08-09 14:25:01.243184+05:30
90	product_app	0012_product_applied_offer	2024-08-10 18:59:18.185299+05:30
91	category_app	0013_subcategory_applied_offer	2024-08-12 14:59:46.243243+05:30
92	user	0003_customuser_referral_code_customuser_referred_by	2024-08-12 18:13:35.805996+05:30
93	order_app	0016_order_invoice_number	2024-08-15 10:28:04.083884+05:30
94	wallet_app	0003_alter_wallettransaction_description	2024-08-15 10:28:04.086891+05:30
\.


--
-- Data for Name: django_session; Type: TABLE DATA; Schema: public; Owner: postgres
--

COPY public.django_session (session_key, session_data, expire_date) FROM stdin;
d5awb37n39klw6pros64uvxhuxfzpjyi	.eJxVjMsOwiAQAP-FsyGWRwGP3v0GsssuUjWQlPZk_HdD0oNeZybzFhH2rcS98xoXEhfhxOmXIaQn1yHoAfXeZGp1WxeUI5GH7fLWiF_Xo_0bFOhlbBmcVsla1Mw5syEmtsql5K3yQc-gcE4UjAXMyk-ZJ8ZwDmQc6RCU-HwBEnc4sw:1sVTkK:lY0Fzi91IyvjzhYl-UNi1P6ovT22XHvkg0r38bcHmvo	2024-08-04 15:54:52.099872+05:30
aj8bhkvmfxwa9jrj6it1a1xrjpa7hcch	.eJxVjMsOwiAQRf-FtSEFYaAu3fcbyDAzSNXQpI-V8d-1SRe6veec-1IJt7WmbZE5jawuCtTpd8tID2k74Du226Rpaus8Zr0r-qCLHiaW5_Vw_w4qLvVb90icHQQTxICAoFjhzno27JznDNbHYMiTK10njns6AzugEiPmUki9P_vBOMs:1sUqE0:dIUCSQMlbt93HkAcTpmETwe8BmtD3nhNj9EzafXAdPo	2024-08-02 21:42:52.280523+05:30
od6hwsxxblmr86x2ycer43tix81mjjl9	.eJxVjEEOwiAQRe_C2hCmtgx16b5nIAwzSNVAUtqV8e7apAvd_vfefykftjX7rcniZ1YXBer0u1GIDyk74Hsot6pjLesyk94VfdCmp8ryvB7u30EOLX_rkQ0CIgAbmxiJ2LKww_GcUuoJjQgLQYhiAHo7Ikl0STqAbnBDT-r9Af9nOJg:1sRTzU:vBO9LkScP49PPoQwXeO9AFqmow9UXZquBgG8s0zawHo	2024-07-24 15:22:00.208117+05:30
p3w6p5tkjdjiqcm6d04ecx4wraksumyd	.eJxVjMsOwiAQRf-FtSEFYaAu3fcbyDAzSNXQpI-V8d-1SRe6veec-1IJt7WmbZE5jawuCtTpd8tID2k74Du226Rpaus8Zr0r-qCLHiaW5_Vw_w4qLvVb90icHQQTxICAoFjhzno27JznDNbHYMiTK10njns6AzugEiPmUki9P_vBOMs:1sVa5D:_-o3Vc-7yW4GfbdAMmre2mI4xwnZN6QUmGneVJNGcN0	2024-08-04 22:40:51.990096+05:30
0ign14rjd6isz7lr1vjcauke4ydhyy4w	.eJxVjEEOwiAQRe_C2hCmtgx16b5nIAwzSNVAUtqV8e7apAvd_vfefykftjX7rcniZ1YXBer0u1GIDyk74Hsot6pjLesyk94VfdCmp8ryvB7u30EOLX_rkQ0CIgAbmxiJ2LKww_GcUuoJjQgLQYhiAHo7Ikl0STqAbnBDT-r9Af9nOJg:1sRoyd:nvsOIWymeMF8fj9SO1Lhg_MTynoR0ehlAyz94LbyM6c	2024-07-25 13:46:31.767078+05:30
zskpte8m061mjwkcaz0iyk24gnokx2lc	.eJxVjEEOwiAQRe_C2hCmtgx16b5nIAwzSNVAUtqV8e7apAvd_vfefykftjX7rcniZ1YXBer0u1GIDyk74Hsot6pjLesyk94VfdCmp8ryvB7u30EOLX_rkQ0CIgAbmxiJ2LKww_GcUuoJjQgLQYhiAHo7Ikl0STqAbnBDT-r9Af9nOJg:1sSBFU:8Dod7WYQ5Tn7PI0wi1fddUkKtM78gZfD0RrG2quBnww	2024-07-26 13:33:24.270761+05:30
ku6konecemye74paqv6daw77rpkbrf50	.eJxVjEEOwiAQRe_C2hCmtgx16b5nIAwzSNVAUtqV8e7apAvd_vfefykftjX7rcniZ1YXBer0u1GIDyk74Hsot6pjLesyk94VfdCmp8ryvB7u30EOLX_rkQ0CIgAbmxiJ2LKww_GcUuoJjQgLQYhiAHo7Ikl0STqAbnBDT-r9Af9nOJg:1sSFx0:nmvhQGEPCU0EC_HCQ6AVjrXTBhmNuxix3XI4ay4clgc	2024-07-26 18:34:38.054221+05:30
lba6yzzjomp869wmtvmq3o5h2wram81h	.eJxVjEEOwiAQRe_C2hCmtgx16b5nIAwzSNVAUtqV8e7apAvd_vfefykftjX7rcniZ1YXBer0u1GIDyk74Hsot6pjLesyk94VfdCmp8ryvB7u30EOLX_rkQ0CIgAbmxiJ2LKww_GcUuoJjQgLQYhiAHo7Ikl0STqAbnBDT-r9Af9nOJg:1sSUxT:nofLW2KCZ5v0hqQ9Jd4QrBwo0nOFzm-die04-DhKHK0	2024-07-27 10:36:07.764972+05:30
r72ysgmu5u869cdopw0qsknw6x5p00bz	.eJxVjEEOwiAQRe_C2hCmtgx16b5nIAwzSNVAUtqV8e7apAvd_vfefykftjX7rcniZ1YXBer0u1GIDyk74Hsot6pjLesyk94VfdCmp8ryvB7u30EOLX_rkQ0CIgAbmxiJ2LKww_GcUuoJjQgLQYhiAHo7Ikl0STqAbnBDT-r9Af9nOJg:1sSYOY:kMq4-OYFhinanmwOCQ1uAJc7l5KW3znppGMAFtI50JE	2024-07-27 14:16:18.320955+05:30
sivy6ye0hiw6bur4l5ples1zpcx6cenh	.eJxVjEEOwiAQRe_C2hCmtgx16b5nIAwzSNVAUtqV8e7apAvd_vfefykftjX7rcniZ1YXBer0u1GIDyk74Hsot6pjLesyk94VfdCmp8ryvB7u30EOLX_rkQ0CIgAbmxiJ2LKww_GcUuoJjQgLQYhiAHo7Ikl0STqAbnBDT-r9Af9nOJg:1sSt4w:nQoubnELMQAQlA8sAfYdQy1wxkp6Ti3sOgZYIOvyYe0	2024-07-28 12:21:26.097665+05:30
9usvewqh74hfsb7s6ubg5f51eq77wfwk	.eJxVjEEOwiAQRe_C2hCmtgx16b5nIAwzSNVAUtqV8e7apAvd_vfefykftjX7rcniZ1YXBer0u1GIDyk74Hsot6pjLesyk94VfdCmp8ryvB7u30EOLX_rkQ0CIgAbmxiJ2LKww_GcUuoJjQgLQYhiAHo7Ikl0STqAbnBDT-r9Af9nOJg:1sTDW8:Sku1uZX8hz_rub70TA-5oN-smVbMr5mZo2q4yee2VWQ	2024-07-29 10:10:52.950099+05:30
j2ulhznciytgv4ztcq3r5nwgjifbd48k	.eJxVjEEOwiAURO_C2hAJ_F9w6d4zkA-MUjU0Ke3KeHdt0oVu5703LxVlXWpcO-Y4FnVSVh1-tyT5gbaBcpd2m3Se2jKPSW-K3mnXl6nged7dv4MqvX5ryjkkP7Ah9oCDkwybwtUIo1jjnLMYSCQEYUsGHGDgLYGOxMhevT_vajfv:1sTiR5:Ch1se1usig_aOdVsZYc3YUo1jOFANH4frrTi03XeBWk	2024-07-30 19:11:43.674984+05:30
4i170jnrtj81nkd5wbp13chu72cwjzov	.eJxVjEEOwiAQRe_C2hCmtgx16b5nIAwzSNVAUtqV8e7apAvd_vfefykftjX7rcniZ1YXBer0u1GIDyk74Hsot6pjLesyk94VfdCmp8ryvB7u30EOLX_rkQ0CIgAbmxiJ2LKww_GcUuoJjQgLQYhiAHo7Ikl0STqAbnBDT-r9Af9nOJg:1sTzdH:r5u8qGjyXX4RyISA5kxTCRetQEVAFmQrsQpCE61L-KI	2024-07-31 13:33:27.144012+05:30
8ght873ff765gg0ywhfmjx9nvhm7eydw	.eJxVjEEOwiAURO_C2hAJ_F9w6d4zkA-MUjU0Ke3KeHdt0oVu5703LxVlXWpcO-Y4FnVSVh1-tyT5gbaBcpd2m3Se2jKPSW-K3mnXl6nged7dv4MqvX5ryjkkP7Ah9oCDkwybwtUIo1jjnLMYSCQEYUsGHGDgLYGOxMhevT_vajfv:1sU5B7:6DN1HxoIbaL9orBEi-xK0-RPn6Y6SrPQK2l5xI24lJg	2024-07-31 19:28:45.823513+05:30
wff9whijhevqvsdk99g4f2dkzv1chugu	.eJxVjEEOwiAURO_C2hAJ_F9w6d4zkA-MUjU0Ke3KeHdt0oVu5703LxVlXWpcO-Y4FnVSVh1-tyT5gbaBcpd2m3Se2jKPSW-K3mnXl6nged7dv4MqvX5ryjkkP7Ah9oCDkwybwtUIo1jjnLMYSCQEYUsGHGDgLYGOxMhevT_vajfv:1sU5Et:E66Wt_DKmlvTKYNd0V8O4433CtA0oP6y53BGhiL6zeY	2024-07-31 19:32:39.0512+05:30
azy9w4fqva6ulb35r3lqvsyo6temyxjp	.eJxVjEEOwiAURO_C2hAJ_F9w6d4zkA-MUjU0Ke3KeHdt0oVu5703LxVlXWpcO-Y4FnVSVh1-tyT5gbaBcpd2m3Se2jKPSW-K3mnXl6nged7dv4MqvX5ryjkkP7Ah9oCDkwybwtUIo1jjnLMYSCQEYUsGHGDgLYGOxMhevT_vajfv:1sU71q:XT_wnBTN5tY-lWitdKL9jrG5mHYvnq815k6v-_Q64VM	2024-07-31 21:27:18.54796+05:30
p3s3hswvm1yk90n0gx54yz1zmwu4uwri	.eJxVjEEOwiAURO_C2hAJ_F9w6d4zkA-MUjU0Ke3KeHdt0oVu5703LxVlXWpcO-Y4FnVSVh1-tyT5gbaBcpd2m3Se2jKPSW-K3mnXl6nged7dv4MqvX5ryjkkP7Ah9oCDkwybwtUIo1jjnLMYSCQEYUsGHGDgLYGOxMhevT_vajfv:1sUIxV:_bkl0f22aye3Q8XX7-GcaQVVDH9OtubZAmWuKHD9Jug	2024-08-01 10:11:37.707673+05:30
e26yzeyu0a06xesvurq8z3xa6qrczxsx	.eJxVzM0OwiAQBOB34WwIP60LHr37DATYXakampT2ZHx3adKDXuebmbcIcVtL2BotYUJxESBOv1mK-Ul1B3zEep9lnuu6TEnuFXlok7cZ6XU9un8HJbbS12cLhKStzd6zHsGicdlbpzV1QMPRsFYZmFUywB3yMOg0KgeQiJT4fAHjIDfd:1sV2gN:VHSZtxQnR7e6DEUf02XV-UGrNgdPc6kVSNiIuu9m2k8	2024-08-03 11:00:59.233745+05:30
tfu2pazgfe9mju1vu6lqdqz0uz51mymt	.eJxVzM0OwiAQBOB34WwIP60LHr37DATYXakampT2ZHx3adKDXuebmbcIcVtL2BotYUJxESBOv1mK-Ul1B3zEep9lnuu6TEnuFXlok7cZ6XU9un8HJbbS12cLhKStzd6zHsGicdlbpzV1QMPRsFYZmFUywB3yMOg0KgeQiJT4fAHjIDfd:1sV2jS:3gwlPtwu8ne9XK_Sx9WmPYyuAdFGLVDuJoVhvZ8Yl8o	2024-08-03 11:04:10.631136+05:30
o3fkt68ru8q964pa67xht1hk5ki2w2md	.eJxVjEEOwiAURO_C2hAJ_F9w6d4zkA-MUjU0Ke3KeHdt0oVu5703LxVlXWpcO-Y4FnVSVh1-tyT5gbaBcpd2m3Se2jKPSW-K3mnXl6nged7dv4MqvX5ryjkkP7Ah9oCDkwybwtUIo1jjnLMYSCQEYUsGHGDgLYGOxMhevT_vajfv:1sUPaG:5iU5ZsqDn045FTbzSqHr5Udz12taE0KR-Sw7dqKSCH0	2024-08-01 17:16:04.483781+05:30
ub52mtc4z5b3le4tidxhg0d3burfyl1m	.eJxVjMsOwiAQAP-FsyGWRwGP3v0GsssuUjWQlPZk_HdD0oNeZybzFhH2rcS98xoXEhfhxOmXIaQn1yHoAfXeZGp1WxeUI5GH7fLWiF_Xo_0bFOhlbBmcVsla1Mw5syEmtsql5K3yQc-gcE4UjAXMyk-ZJ8ZwDmQc6RCU-HwBEnc4sw:1sVpBg:X3wckIpvqf9t1W8VUyyuvBCaS-cjvKcXXjqYxDtGAVI	2024-08-05 14:48:32.892598+05:30
is9cyrypmz2nwauq4sinko2qa4zpf38x	.eJxVjMsOwiAQAP-FsyGWRwGP3v0GsssuUjWQlPZk_HdD0oNeZybzFhH2rcS98xoXEhfhxOmXIaQn1yHoAfXeZGp1WxeUI5GH7fLWiF_Xo_0bFOhlbBmcVsla1Mw5syEmtsql5K3yQc-gcE4UjAXMyk-ZJ8ZwDmQc6RCU-HwBEnc4sw:1sVx8L:YddXbcEcWvbyI4vJc4VlJvwg-nm8YB-SILQwWrlO67k	2024-08-05 23:17:37.294122+05:30
dgk0fyze09kk1f5oztdzljvgjhijfnrx	.eJxVjMsOwiAQAP-FsyGWRwGP3v0GsssuUjWQlPZk_HdD0oNeZybzFhH2rcS98xoXEhfhxOmXIaQn1yHoAfXeZGp1WxeUI5GH7fLWiF_Xo_0bFOhlbBmcVsla1Mw5syEmtsql5K3yQc-gcE4UjAXMyk-ZJ8ZwDmQc6RCU-HwBEnc4sw:1sVAei:FClCr11-hx2dms9mOQACMQuRB11-NjC8i6WMq4934ck	2024-08-03 19:31:48.303255+05:30
ct07ojyjgarxvpux67oqf4p8ibdbv2ks	.eJxVjMsOwiAQRf-FtSEFYaAu3fcbyDAzSNXQpI-V8d-1SRe6veec-1IJt7WmbZE5jawuCtTpd8tID2k74Du226Rpaus8Zr0r-qCLHiaW5_Vw_w4qLvVb90icHQQTxICAoFjhzno27JznDNbHYMiTK10njns6AzugEiPmUki9P_vBOMs:1sVGG1:bOeYrQuZ5KWZ1F9v85_zvpHeUPIvTc9qhB6LGFI0Apo	2024-08-04 01:30:41.833453+05:30
dwk5z7o7bvedh6kmpn01fisoug0iyg0t	.eJxVjMsOwiAQRf-FtSEFYaAu3fcbyDAzSNXQpI-V8d-1SRe6veec-1IJt7WmbZE5jawuCtTpd8tID2k74Du226Rpaus8Zr0r-qCLHiaW5_Vw_w4qLvVb90icHQQTxICAoFjhzno27JznDNbHYMiTK10njns6AzugEiPmUki9P_vBOMs:1sWCwD:inaTAhKmCafL1GGS-UG_cGvr9DmzXO-a3kGGl8yZCPs	2024-08-06 16:10:09.477762+05:30
inegy1x2wo3vngw5vssn6vifgbjp7jfj	.eJxVjMsOwiAQRf-FtSEFYaAu3fcbyDAzSNXQpI-V8d-1SRe6veec-1IJt7WmbZE5jawuCtTpd8tID2k74Du226Rpaus8Zr0r-qCLHiaW5_Vw_w4qLvVb90icHQQTxICAoFjhzno27JznDNbHYMiTK10njns6AzugEiPmUki9P_vBOMs:1sWFxK:Tdbhkpbkb3SiscreQzGNjcabQFEuKXRfkTOhOaIYwiU	2024-08-06 19:23:30.706249+05:30
24dw7frlglpxur37g4t0fzjl4vhs6bd4	.eJxVjMsOwiAQRf-FtSEFYaAu3fcbyDAzSNXQpI-V8d-1SRe6veec-1IJt7WmbZE5jawuCtTpd8tID2k74Du226Rpaus8Zr0r-qCLHiaW5_Vw_w4qLvVb90icHQQTxICAoFjhzno27JznDNbHYMiTK10njns6AzugEiPmUki9P_vBOMs:1sWVPE:9EjWnQTz9Q0N2KlpEi2yS4zHahgq4kGH7PzwZDfTa28	2024-08-07 11:53:20.48535+05:30
ep0igvzcbdc8sb93ivwqqeiiypqz8tln	.eJxVjMsOwiAQRf-FtSEFYaAu3fcbyDAzSNXQpI-V8d-1SRe6veec-1IJt7WmbZE5jawuCtTpd8tID2k74Du226Rpaus8Zr0r-qCLHiaW5_Vw_w4qLvVb90icHQQTxICAoFjhzno27JznDNbHYMiTK10njns6AzugEiPmUki9P_vBOMs:1sWqwE:4myYo67U0WEcA-elV2dtBKWhGLVu_0MrrDA4XtXumOY	2024-08-08 10:52:50.240962+05:30
zr3xzc45ar06d7yqouvkclzzpsqnj4ri	.eJxVjMsOwiAQAP-FsyGWRwGP3v0GsssuUjWQlPZk_HdD0oNeZybzFhH2rcS98xoXEhfhxOmXIaQn1yHoAfXeZGp1WxeUI5GH7fLWiF_Xo_0bFOhlbBmcVsla1Mw5syEmtsql5K3yQc-gcE4UjAXMyk-ZJ8ZwDmQc6RCU-HwBEnc4sw:1sXEJ3:T99Fey3SEugPfrM5rqz6Irs9lXCzkkCKrZ7fMsWFggA	2024-08-09 11:49:57.07698+05:30
bkd7kb3cnodth3fw8bb298sbisx95yvo	.eJxVjMsOwiAQRf-FtSEFYaAu3fcbyDAzSNXQpI-V8d-1SRe6veec-1IJt7WmbZE5jawuCtTpd8tID2k74Du226Rpaus8Zr0r-qCLHiaW5_Vw_w4qLvVb90icHQQTxICAoFjhzno27JznDNbHYMiTK10njns6AzugEiPmUki9P_vBOMs:1sXgRn:U4ig15wgNSRuCChVJTTFxGet09yXJFwcD-mAKFqsHp8	2024-08-10 17:52:51.41595+05:30
pann8ooix2bfy4g1th8c29du9tsmqtu0	.eJxVjMsOwiAQAP-FsyGWRwGP3v0GsssuUjWQlPZk_HdD0oNeZybzFhH2rcS98xoXEhfhxOmXIaQn1yHoAfXeZGp1WxeUI5GH7fLWiF_Xo_0bFOhlbBmcVsla1Mw5syEmtsql5K3yQc-gcE4UjAXMyk-ZJ8ZwDmQc6RCU-HwBEnc4sw:1sbyhT:mY-e9gHbI098OztP6H_2mhQGBlkgVsv0wVb9dLHlQME	2024-08-22 14:10:47.849674+05:30
osetwyiq17wo2vi2sj0k6p2aza7czh8x	.eJxVjMsOwiAQAP-FsyGWRwGP3v0GsssuUjWQlPZk_HdD0oNeZybzFhH2rcS98xoXEhfhxOmXIaQn1yHoAfXeZGp1WxeUI5GH7fLWiF_Xo_0bFOhlbBmcVsla1Mw5syEmtsql5K3yQc-gcE4UjAXMyk-ZJ8ZwDmQc6RCU-HwBEnc4sw:1sYg1D:DgEUNXNShqob8QM8wau6xOEBcxCYhqNVxRB9nxlfyA0	2024-08-13 11:37:31.740949+05:30
3oh27k8v6ylektxwnxgldjb8r9h4y5fa	.eJxVjMsOwiAQAP-FsyGWRwGP3v0GsssuUjWQlPZk_HdD0oNeZybzFhH2rcS98xoXEhfhxOmXIaQn1yHoAfXeZGp1WxeUI5GH7fLWiF_Xo_0bFOhlbBmcVsla1Mw5syEmtsql5K3yQc-gcE4UjAXMyk-ZJ8ZwDmQc6RCU-HwBEnc4sw:1sYjhW:_AmjqD9tnTbOKaX8lscIEXGUnlJfC7IpngHCMmwYZ3c	2024-08-13 15:33:26.93855+05:30
gjcjy8u5gbhmfb5dqxc2cryeyuf12jpn	.eJxVjMsOwiAQRf-FtSEFYaAu3fcbyDAzSNXQpI-V8d-1SRe6veec-1IJt7WmbZE5jawuCtTpd8tID2k74Du226Rpaus8Zr0r-qCLHiaW5_Vw_w4qLvVb90icHQQTxICAoFjhzno27JznDNbHYMiTK10njns6AzugEiPmUki9P_vBOMs:1sYo0r:jJQ_S38sf8UnhrjQYmx-Nv2dkJi-dgOEkfV4a1b1m_w	2024-08-13 20:09:41.33632+05:30
8q92y83wqbd22nb2h4jzjh7anay9uoy8	.eJxVjMsOwiAQAP-FsyGWRwGP3v0GsssuUjWQlPZk_HdD0oNeZybzFhH2rcS98xoXEhfhxOmXIaQn1yHoAfXeZGp1WxeUI5GH7fLWiF_Xo_0bFOhlbBmcVsla1Mw5syEmtsql5K3yQc-gcE4UjAXMyk-ZJ8ZwDmQc6RCU-HwBEnc4sw:1sZO8j:gflnDlY2E5jXojyPWlFBZ0n9UyEMENc1oW7YKFt0Z08	2024-08-15 10:44:13.883407+05:30
0d2c20pjb0fjnam9ryn4a9wcjajyp7z4	.eJxVjMsOwiAQRf-FtSEFYaAu3fcbyDAzSNXQpI-V8d-1SRe6veec-1IJt7WmbZE5jawuCtTpd8tID2k74Du226Rpaus8Zr0r-qCLHiaW5_Vw_w4qLvVb90icHQQTxICAoFjhzno27JznDNbHYMiTK10njns6AzugEiPmUki9P_vBOMs:1sZwUz:sQzE54awPvgzUcxztoHRsl0V89noMvJRIbDuUMnH3V8	2024-08-16 23:25:29.486652+05:30
3oq8njgns04zjs78883fvhal8x45wcxv	.eJxVjMsOwiAQRf-FtSEFYaAu3fcbyDAzSNXQpI-V8d-1SRe6veec-1IJt7WmbZE5jawuCtTpd8tID2k74Du226Rpaus8Zr0r-qCLHiaW5_Vw_w4qLvVb90icHQQTxICAoFjhzno27JznDNbHYMiTK10njns6AzugEiPmUki9P_vBOMs:1saBll:Z4Zb8TGwJAPVcrfymJhUmffb1Nkqqkk4df8AA3EuQSU	2024-08-17 15:43:49.431379+05:30
uqyfjxhw67udwba8vicp8d18wfd6mqqo	.eJxVjMsOwiAQRf-FtSEFYaAu3fcbyDAzSNXQpI-V8d-1SRe6veec-1IJt7WmbZE5jawuCtTpd8tID2k74Du226Rpaus8Zr0r-qCLHiaW5_Vw_w4qLvVb90icHQQTxICAoFjhzno27JznDNbHYMiTK10njns6AzugEiPmUki9P_vBOMs:1sacU3:CPM9xnPiZ89USss6h8KnW_Yg4TVa8k9eN-xBu3tec9A	2024-08-18 20:15:19.551284+05:30
3pho8ua530w7ywlhn5iphrjza722rhik	.eJxVjMsOwiAQAP-FsyGWRwGP3v0GsssuUjWQlPZk_HdD0oNeZybzFhH2rcS98xoXEhfhxOmXIaQn1yHoAfXeZGp1WxeUI5GH7fLWiF_Xo_0bFOhlbBmcVsla1Mw5syEmtsql5K3yQc-gcE4UjAXMyk-ZJ8ZwDmQc6RCU-HwBEnc4sw:1saoZP:TMeulvE1Hu5r5tDViMpBl9ScxtMFYe3DX7hhhIMVnm4	2024-08-19 09:09:39.019423+05:30
0l40su6wz77y7isbhvxxnkfwy3ro9shk	.eJxVjMsOwiAQRf-FtSEFYaAu3fcbyDAzSNXQpI-V8d-1SRe6veec-1IJt7WmbZE5jawuCtTpd8tID2k74Du226Rpaus8Zr0r-qCLHiaW5_Vw_w4qLvVb90icHQQTxICAoFjhzno27JznDNbHYMiTK10njns6AzugEiPmUki9P_vBOMs:1sb20L:I-87hSzaR1xq7fVZkYiueRkXqt_GzPpUDfmNKJivvAs	2024-08-19 23:30:21.609104+05:30
9m6siz0h2o2u9hr8pq9mwigdzje5ygs1	.eJxVjMsOwiAQAP-FsyGWRwGP3v0GsssuUjWQlPZk_HdD0oNeZybzFhH2rcS98xoXEhfhxOmXIaQn1yHoAfXeZGp1WxeUI5GH7fLWiF_Xo_0bFOhlbBmcVsla1Mw5syEmtsql5K3yQc-gcE4UjAXMyk-ZJ8ZwDmQc6RCU-HwBEnc4sw:1sbDrI:DGXneZvNnDIoJwJGMMH2v3c71xJBBZx1WXjnmIGXvZE	2024-08-20 12:09:48.878903+05:30
g3h4r7giqsbdqvyqjathnekxfpgqvk7b	.eJxVjMsOwiAQAP-FsyGWRwGP3v0GsssuUjWQlPZk_HdD0oNeZybzFhH2rcS98xoXEhfhxOmXIaQn1yHoAfXeZGp1WxeUI5GH7fLWiF_Xo_0bFOhlbBmcVsla1Mw5syEmtsql5K3yQc-gcE4UjAXMyk-ZJ8ZwDmQc6RCU-HwBEnc4sw:1scGuw:KZIgQsWacuKYGnAE79V8y_nQg9Nt8mROzwt7w0biEGw	2024-08-23 09:37:54.267375+05:30
504y6k7pbxr87kekvc3b9ay9ezwe3fw5	.eJxVjMsOwiAQRf-FtSEFYaAu3fcbyDAzSNXQpI-V8d-1SRe6veec-1IJt7WmbZE5jawuCtTpd8tID2k74Du226Rpaus8Zr0r-qCLHiaW5_Vw_w4qLvVb90icHQQTxICAoFjhzno27JznDNbHYMiTK10njns6AzugEiPmUki9P_vBOMs:1scdb3:S2VemPEqZdsoQwBdwJe4VkvleyHm-P21cZwm2n2XbBU	2024-08-24 09:50:53.4558+05:30
uw37t69xhkwjdyc0kgug2m5pgw2dowdp	.eJxVjMsOwiAQRf-FtSEFYaAu3fcbyDAzSNXQpI-V8d-1SRe6veec-1IJt7WmbZE5jawuCtTpd8tID2k74Du226Rpaus8Zr0r-qCLHiaW5_Vw_w4qLvVb90icHQQTxICAoFjhzno27JznDNbHYMiTK10njns6AzugEiPmUki9P_vBOMs:1sd6wp:5K0sL5lnjRS1hx6dxedTJZAJLdklc1J74kyCVYjA_wU	2024-08-25 17:11:19.187568+05:30
1i0lxgfyqlsu8apre0wzccvohy9t6568	.eJxVjMsOwiAQAP-FsyGWRwGP3v0GsssuUjWQlPZk_HdD0oNeZybzFhH2rcS98xoXEhfhxOmXIaQn1yHoAfXeZGp1WxeUI5GH7fLWiF_Xo_0bFOhlbBmcVsla1Mw5syEmtsql5K3yQc-gcE4UjAXMyk-ZJ8ZwDmQc6RCU-HwBEnc4sw:1sg4Wl:aOH5SKCiXYbA-xKE_l42jgCSvj0A7Ok5Y0mduufQoWc	2024-09-02 21:12:39.850969+05:30
xczkl9klnt6n4cn1sg1ed29ec39s0hgd	.eJxVjMsOwiAQRf-FtSEFYaAu3fcbyDAzSNXQpI-V8d-1SRe6veec-1IJt7WmbZE5jawuCtTpd8tID2k74Du226Rpaus8Zr0r-qCLHiaW5_Vw_w4qLvVb90icHQQTxICAoFjhzno27JznDNbHYMiTK10njns6AzugEiPmUki9P_vBOMs:1sdioG:_fD-KF8QRn-oNAtt3F9AUgTsWpFdlTEJ0mCxTU__g6s	2024-08-27 09:37:00.353269+05:30
dty2phi9j4rsod3b102a3c3r41r2ufjd	.eJxVjMsOwiAQAP-FsyGWRwGP3v0GsssuUjWQlPZk_HdD0oNeZybzFhH2rcS98xoXEhfhxOmXIaQn1yHoAfXeZGp1WxeUI5GH7fLWiF_Xo_0bFOhlbBmcVsla1Mw5syEmtsql5K3yQc-gcE4UjAXMyk-ZJ8ZwDmQc6RCU-HwBEnc4sw:1seIBM:8YCUwlT5gseuodxg8d_mq6XPmRr6hLULr-7_Mc1kdig	2024-08-28 23:23:12.72646+05:30
xx3zb2du8qiveoh92get3ekol2v7ix8l	.eJxVjMsOgjAQRf-la9NIH5S6Mu79BjKdmQoKhRRwY_x3IbJhe8-55yNwyZnTXC8T55p7aDtxET2PHKzyylz79wgdIEscenESNSxz85dbWk133ALgi9MG6AnpMayvNOc2yE2RO53kfSDubrt7CDQwNVuWwWmF1gbNHCMbYmKrHGJlVeV1CSqUSN5YCFFVReSCgz97Mo6090p8f7i-SS4:1seWoU:XMi6gq6P-uvkyjxHwxAKPorz60UjbyGVvA2OA_JORIE	2024-08-29 15:00:34.056046+05:30
bx6s9al2bl0ncicq3emb1zxxwekbawym	.eJxVjMsOwiAQRf-FtSEFYaAu3fcbyDAzSNXQpI-V8d-1SRe6veec-1IJt7WmbZE5jawuCtTpd8tID2k74Du226Rpaus8Zr0r-qCLHiaW5_Vw_w4qLvVb90icHQQTxICAoFjhzno27JznDNbHYMiTK10njns6AzugEiPmUki9P_vBOMs:1seXfC:3bc-rZxe-hMOvCiPjqeiuOmapu3zZO8X0BPEpHyIc_0	2024-08-29 15:55:02.711944+05:30
1khyojeyn42gyvbja6dvp63komehomb9	.eJxVjMEOwiAQRP-FsyFQyi716N1vIAsLUjU0Ke3J-O9K0oPeJvPezEt42rfi95ZWP7M4i0mcfrtA8ZFqB3yneltkXOq2zkF2RR60yevC6Xk53L-DQq1816NWNmlFDoYhB0BwBnVImrLB4AiBKRpHbNha46LqGQwoGDNPmFG8P8_qN34:1sewBk:90EBiUFo1_yHa6m6JNu46QQPdqb6O-WdlzM_sQuoX54	2024-08-30 18:06:16.782942+05:30
06saguxcgob2m5wd524d9pr9joly262a	.eJxVjMsOwiAQRf-FtSEFYaAu3fcbyDAzSNXQpI-V8d-1SRe6veec-1IJt7WmbZE5jawuCtTpd8tID2k74Du226Rpaus8Zr0r-qCLHiaW5_Vw_w4qLvVb90icHQQTxICAoFjhzno27JznDNbHYMiTK10njns6AzugEiPmUki9P_vBOMs:1sewJs:-BvIn6kpqWGpHMJoAF5hEeBK4oVJW0-ty1TjD3nLbmA	2024-08-30 18:14:40.30081+05:30
moyd1r037mmmduo1xtreogl1f2njx6b1	.eJxVjDsOwjAQBe_iGlnyN15Kes5grXdtHEC2FCcV4u4QKQW0b2beS0Tc1hq3kZc4sziLIE6_W0J65LYDvmO7dUm9rcuc5K7Igw557Zyfl8P9O6g46rd2vng9BYcwcWCrjQXNOZuilGGvlfEuWPKFFYAGw0gZwBIxItmknHh_AMsTN78:1sW9If:0M5AI9zeAcaiajwkF1n6uPBdd6hk0gdGrP2Ds1H0LGQ	2024-08-06 12:17:05.451383+05:30
rdbuh1kl7o7yvxuzvfbdheg27vdh59jc	.eJxVjMsOwiAQRf-FtSEFYaAu3fcbyDAzSNXQpI-V8d-1SRe6veec-1IJt7WmbZE5jawuCtTpd8tID2k74Du226Rpaus8Zr0r-qCLHiaW5_Vw_w4qLvVb90icHQQTxICAoFjhzno27JznDNbHYMiTK10njns6AzugEiPmUki9P_vBOMs:1sWEol:HGm5lciMnbDcUf8Gu9WaC82qer78rdndta2yAQiATYc	2024-08-06 18:10:35.987127+05:30
bslrzgcrjbc3bh4d8wofy6ztvk7lb44v	.eJxVjMsOwiAQRf-FtSEFYaAu3fcbyDAzSNXQpI-V8d-1SRe6veec-1IJt7WmbZE5jawuCtTpd8tID2k74Du226Rpaus8Zr0r-qCLHiaW5_Vw_w4qLvVb90icHQQTxICAoFjhzno27JznDNbHYMiTK10njns6AzugEiPmUki9P_vBOMs:1sbew8:DCthKlmUfAFztFeqApcp3tupfvjcQ6PV85Wats77zbA	2024-08-21 17:04:36.573272+05:30
icpa018guhmpvxjk26qwm3qc8bu5f8c5	.eJxVjMsOwiAQRf-FtSEFYaAu3fcbyDAzSNXQpI-V8d-1SRe6veec-1IJt7WmbZE5jawuCtTpd8tID2k74Du226Rpaus8Zr0r-qCLHiaW5_Vw_w4qLvVb90icHQQTxICAoFjhzno27JznDNbHYMiTK10njns6AzugEiPmUki9P_vBOMs:1sc4vs:Zh_ZX3i-Wl5U18-QbrsqdEaT2wmTVlZ6sAX5rcuNeok	2024-08-22 20:50:04.264583+05:30
22jjv3xs9z60c6bheopr4vsh35myhmlf	.eJxVjMsOwiAQAP-FsyGWRwGP3v0GsssuUjWQlPZk_HdD0oNeZybzFhH2rcS98xoXEhfhxOmXIaQn1yHoAfXeZGp1WxeUI5GH7fLWiF_Xo_0bFOhlbBmcVsla1Mw5syEmtsql5K3yQc-gcE4UjAXMyk-ZJ8ZwDmQc6RCU-HwBEnc4sw:1sWq6w:wx9mg3GCIwK7CkX6n8pJH-19ABvCF9RmmoI-SPJ4goQ	2024-08-08 09:59:50.632422+05:30
26o3az3wo9uv9fxkm6uek9a4ddo723gd	.eJxVjMsOwiAQRf-FtSEFYaAu3fcbyDAzSNXQpI-V8d-1SRe6veec-1IJt7WmbZE5jawuCtTpd8tID2k74Du226Rpaus8Zr0r-qCLHiaW5_Vw_w4qLvVb90icHQQTxICAoFjhzno27JznDNbHYMiTK10njns6AzugEiPmUki9P_vBOMs:1scHSI:-dUhy5gRt_sijbqi7DjX5c6nJAzzj8kAuZkTOIurWNo	2024-08-23 10:12:22.781826+05:30
xdpesbka45io6lnpk77bpoqmdrhskip3	.eJxVjMsOwiAQRf-FtSEFYaAu3fcbyDAzSNXQpI-V8d-1SRe6veec-1IJt7WmbZE5jawuCtTpd8tID2k74Du226Rpaus8Zr0r-qCLHiaW5_Vw_w4qLvVb90icHQQTxICAoFjhzno27JznDNbHYMiTK10njns6AzugEiPmUki9P_vBOMs:1sXEKL:Cnp2aAy8flTFA1lOXhcpbXbSJHXb5Kb9jCeWQoOeV1s	2024-08-09 11:51:17.295725+05:30
dm2dch14xvxc91qsjvt4uwynjal8ygtm	.eJxVjMsOwiAQRf-FtSEFYaAu3fcbyDAzSNXQpI-V8d-1SRe6veec-1IJt7WmbZE5jawuCtTpd8tID2k74Du226Rpaus8Zr0r-qCLHiaW5_Vw_w4qLvVb90icHQQTxICAoFjhzno27JznDNbHYMiTK10njns6AzugEiPmUki9P_vBOMs:1scNxe:wjqz0Nqtxt21DbZVO6SrvPV8plnBaw4HFTAdQHFGR9U	2024-08-23 17:09:10.395083+05:30
ri1g5a17t84zisx9dntbuai08hybdjd6	.eJxVjMsOwiAQAP-FsyGWRwGP3v0GsssuUjWQlPZk_HdD0oNeZybzFhH2rcS98xoXEhfhxOmXIaQn1yHoAfXeZGp1WxeUI5GH7fLWiF_Xo_0bFOhlbBmcVsla1Mw5syEmtsql5K3yQc-gcE4UjAXMyk-ZJ8ZwDmQc6RCU-HwBEnc4sw:1sXHy3:HmFX5BwJII0ThiK6ir6-UOZ-Q5oNbMMG_agIrTUfqsE	2024-08-09 15:44:31.291312+05:30
t81ifapkpmcqq0f77tlsc4npevqw8v7t	.eJxVjMsOwiAQAP-FsyGWRwGP3v0GsssuUjWQlPZk_HdD0oNeZybzFhH2rcS98xoXEhfhxOmXIaQn1yHoAfXeZGp1WxeUI5GH7fLWiF_Xo_0bFOhlbBmcVsla1Mw5syEmtsql5K3yQc-gcE4UjAXMyk-ZJ8ZwDmQc6RCU-HwBEnc4sw:1sXlsD:MIIGk0yP8mPUN5n5R93jkaVoinUkWxbCzbeqn8opEv4	2024-08-10 23:40:29.555758+05:30
ku9y7nkqb8kvvr1v5qzq13e74xgki9z1	.eJxVjMsOwiAQRf-FtSEFYaAu3fcbyDAzSNXQpI-V8d-1SRe6veec-1IJt7WmbZE5jawuCtTpd8tID2k74Du226Rpaus8Zr0r-qCLHiaW5_Vw_w4qLvVb90icHQQTxICAoFjhzno27JznDNbHYMiTK10njns6AzugEiPmUki9P_vBOMs:1sYHDG:G5kMYxBelP2Hc8613DS8YB4Az5p4nKMuLBSFiBbFoHE	2024-08-12 09:08:18.443544+05:30
qj7qfcgxqdxm3w7pt6hpzdpzs0s4sw90	.eJxVjMsOwiAQAP-FsyGWRwGP3v0GsssuUjWQlPZk_HdD0oNeZybzFhH2rcS98xoXEhfhxOmXIaQn1yHoAfXeZGp1WxeUI5GH7fLWiF_Xo_0bFOhlbBmcVsla1Mw5syEmtsql5K3yQc-gcE4UjAXMyk-ZJ8ZwDmQc6RCU-HwBEnc4sw:1sdASl:W6p5sXohaO4YdgL_6HjNEremKC9XbqT9WeARpnvkn60	2024-08-25 20:56:31.118635+05:30
9sddyeiyda6l96txo7bq5ekbubwep1ld	.eJxVjMsOwiAQRf-FtSEFYaAu3fcbyDAzSNXQpI-V8d-1SRe6veec-1IJt7WmbZE5jawuCtTpd8tID2k74Du226Rpaus8Zr0r-qCLHiaW5_Vw_w4qLvVb90icHQQTxICAoFjhzno27JznDNbHYMiTK10njns6AzugEiPmUki9P_vBOMs:1sYkRz:ozKzqFE6ohmPGZzHO-8qrFvyYNu51jzsFGx3XALoPNo	2024-08-13 16:21:27.408271+05:30
o8wze3e9tsz2d6n203pcq8mmu03mk4by	.eJxVjMsOwiAQAP-FsyGWRwGP3v0GsssuUjWQlPZk_HdD0oNeZybzFhH2rcS98xoXEhfhxOmXIaQn1yHoAfXeZGp1WxeUI5GH7fLWiF_Xo_0bFOhlbBmcVsla1Mw5syEmtsql5K3yQc-gcE4UjAXMyk-ZJ8ZwDmQc6RCU-HwBEnc4sw:1sZ3B2:_zs19zngNwEyM8d_1S6qD4eXx8F3yZumdMKyDrOgF7U	2024-08-14 12:21:12.496651+05:30
l38msyvu3bbnpp2kj1nq0s1dny4zcy8r	.eJxVjMsOwiAQRf-FtSEFYaAu3fcbyDAzSNXQpI-V8d-1SRe6veec-1IJt7WmbZE5jawuCtTpd8tID2k74Du226Rpaus8Zr0r-qCLHiaW5_Vw_w4qLvVb90icHQQTxICAoFjhzno27JznDNbHYMiTK10njns6AzugEiPmUki9P_vBOMs:1sZPXu:SVrSis1RPkVTZ06VOPe-J18BGvmIUh0wefzjkuzURjc	2024-08-15 12:14:18.712534+05:30
i3b5s30hl1hdqd54tru6bog1glxjfhnz	.eJxVjMEOwiAQRP-FsyFQyi716N1vIAsLUjU0Ke3J-O9K0oPeJvPezEt42rfi95ZWP7M4i0mcfrtA8ZFqB3yneltkXOq2zkF2RR60yevC6Xk53L-DQq1816NWNmlFDoYhB0BwBnVImrLB4AiBKRpHbNha46LqGQwoGDNPmFG8P8_qN34:1sdVyr:aaJhq7LdZlZHpdSEccUrgrlEOiMc3xjsQ_Ew_BF1OsE	2024-08-26 19:55:05.973064+05:30
0mtmdxp0gmwfwzr2tec3r8kwy1ppy3oj	.eJxVjMsOwiAQAP-FsyGWRwGP3v0GsssuUjWQlPZk_HdD0oNeZybzFhH2rcS98xoXEhfhxOmXIaQn1yHoAfXeZGp1WxeUI5GH7fLWiF_Xo_0bFOhlbBmcVsla1Mw5syEmtsql5K3yQc-gcE4UjAXMyk-ZJ8ZwDmQc6RCU-HwBEnc4sw:1saJID:N4BfZsLFeX1PststGlhGiQoqXBpw576rZUWGthajY10	2024-08-17 23:45:49.31072+05:30
bhxi6n7w0tb73frwexj2v91a9phec143	.eJxVjMEOwiAQRP-FsyFQyi716N1vIAsLUjU0Ke3J-O9K0oPeJvPezEt42rfi95ZWP7M4i0mcfrtA8ZFqB3yneltkXOq2zkF2RR60yevC6Xk53L-DQq1816NWNmlFDoYhB0BwBnVImrLB4AiBKRpHbNha46LqGQwoGDNPmFG8P8_qN34:1se4na:T2-A25ANrqIXm-goYiBEMXzHh_h1vUgTDNDRUaPw6hM	2024-08-28 09:05:46.024917+05:30
3uhamj1tcbxplhm0ki63a19dv5c8jte9	.eJxVjMsOwiAQAP-FsyGWRwGP3v0GsssuUjWQlPZk_HdD0oNeZybzFhH2rcS98xoXEhfhxOmXIaQn1yHoAfXeZGp1WxeUI5GH7fLWiF_Xo_0bFOhlbBmcVsla1Mw5syEmtsql5K3yQc-gcE4UjAXMyk-ZJ8ZwDmQc6RCU-HwBEnc4sw:1safkZ:s3iZJwgWZNZyhCNe4J4lMODyfYiVsSuhK_L9-MvO7bw	2024-08-18 23:44:35.28822+05:30
ez0ivykqwspe50j5hwd7qt2xl46h40o4	.eJxVjMsOwiAQRf-FtSEFYaAu3fcbyDAzSNXQpI-V8d-1SRe6veec-1IJt7WmbZE5jawuCtTpd8tID2k74Du226Rpaus8Zr0r-qCLHiaW5_Vw_w4qLvVb90icHQQTxICAoFjhzno27JznDNbHYMiTK10njns6AzugEiPmUki9P_vBOMs:1saoa0:LhMa4giKn92GoHMUwm2YM2tebVAEsbuXNsLZ4cWjhvA	2024-08-19 09:10:16.869301+05:30
avzmd18id13oqeavnamvifoirpjey33v	.eJxVjMsOwiAQRf-FtSEFYaAu3fcbyDAzSNXQpI-V8d-1SRe6veec-1IJt7WmbZE5jawuCtTpd8tID2k74Du226Rpaus8Zr0r-qCLHiaW5_Vw_w4qLvVb90icHQQTxICAoFjhzno27JznDNbHYMiTK10njns6AzugEiPmUki9P_vBOMs:1se7bF:PtskmXONKm9fz3nH354w1Uk9dKX_A-OzNWJQvr6Ev1o	2024-08-28 12:05:13.493661+05:30
te508xeg6shshtt31qj9a0u7n5t4rttz	.eJxVjMsOwiAQRf-FtSEFYaAu3fcbyDAzSNXQpI-V8d-1SRe6veec-1IJt7WmbZE5jawuCtTpd8tID2k74Du226Rpaus8Zr0r-qCLHiaW5_Vw_w4qLvVb90icHQQTxICAoFjhzno27JznDNbHYMiTK10njns6AzugEiPmUki9P_vBOMs:1sbB7V:lSOlUuVMF5VN4JneMKMG56GStqHhGoPMCwQYchLenng	2024-08-20 09:14:21.341488+05:30
xy69357tmiym5lxzwekdccq4b8hs0zrm	.eJxVjMsOwiAQRf-FtSEFYaAu3fcbyDAzSNXQpI-V8d-1SRe6veec-1IJt7WmbZE5jawuCtTpd8tID2k74Du226Rpaus8Zr0r-qCLHiaW5_Vw_w4qLvVb90icHQQTxICAoFjhzno27JznDNbHYMiTK10njns6AzugEiPmUki9P_vBOMs:1sbIVz:u_y0Yr592tipsicm3tIA3hy-mVHJjlaVL4SMK9iyP_s	2024-08-20 17:08:07.381102+05:30
g8x1o08u46qgqy4w7t8a776lb6iqutea	.eJxVjMsOwiAQAP-FsyGWRwGP3v0GsssuUjWQlPZk_HdD0oNeZybzFhH2rcS98xoXEhfhxOmXIaQn1yHoAfXeZGp1WxeUI5GH7fLWiF_Xo_0bFOhlbBmcVsla1Mw5syEmtsql5K3yQc-gcE4UjAXMyk-ZJ8ZwDmQc6RCU-HwBEnc4sw:1sebNZ:608_CEmwR3oBloZuNjsnYqKKyEuVfdQj8xmvVe9S2o4	2024-08-29 19:53:05.798078+05:30
8h38ifw43pb3mtoukpp1xqvmqayclyjn	.eJxVjMsOwiAQRf-FtSEFYaAu3fcbyDAzSNXQpI-V8d-1SRe6veec-1IJt7WmbZE5jawuCtTpd8tID2k74Du226Rpaus8Zr0r-qCLHiaW5_Vw_w4qLvVb90icHQQTxICAoFjhzno27JznDNbHYMiTK10njns6AzugEiPmUki9P_vBOMs:1seyMp:VECgARnwfiE4QPU_hQlpsMZc6c1NSTALIyJ5bEAUBEM	2024-08-30 20:25:51.066046+05:30
qsmqr0kwdpix0dccrgnn4wsjzi0flhin	.eJxVjMsOwiAQRf-FtSEFYaAu3fcbyDAzSNXQpI-V8d-1SRe6veec-1IJt7WmbZE5jawuCtTpd8tID2k74Du226Rpaus8Zr0r-qCLHiaW5_Vw_w4qLvVb90icHQQTxICAoFjhzno27JznDNbHYMiTK10njns6AzugEiPmUki9P_vBOMs:1sW9xX:lwlIh-iHef1eZhNbU83kQOA8C-y39QZDl4j7LnBmejc	2024-08-06 12:59:19.10602+05:30
4fz7pmw8el84bnrxiecgyjbyu9kr7m54	.eJxVjMsOwiAQRf-FtSEFYaAu3fcbyDAzSNXQpI-V8d-1SRe6veec-1IJt7WmbZE5jawuCtTpd8tID2k74Du226Rpaus8Zr0r-qCLHiaW5_Vw_w4qLvVb90icHQQTxICAoFjhzno27JznDNbHYMiTK10njns6AzugEiPmUki9P_vBOMs:1sfwDR:kDFr-1CTYKCcs7czmV7p3IGQZKJpX_cGmWGCVNARDlY	2024-09-02 12:20:09.436737+05:30
vmvrj3tb4zghb2i3gp54nnx70pnz0dd4	.eJxVjMsOwiAQRf-FtSEFYaAu3fcbyDAzSNXQpI-V8d-1SRe6veec-1IJt7WmbZE5jawuCtTpd8tID2k74Du226Rpaus8Zr0r-qCLHiaW5_Vw_w4qLvVb90icHQQTxICAoFjhzno27JznDNbHYMiTK10njns6AzugEiPmUki9P_vBOMs:1sbwp3:VKQZ40bJKpkC0KNU5f8685LuFDDI3EgITVEaYCmr5os	2024-08-22 12:10:29.389368+05:30
88s2r0vz1fl2podw28dck3g3jvk7srom	.eJxVjMsOwiAQRf-FtSEFYaAu3fcbyDAzSNXQpI-V8d-1SRe6veec-1IJt7WmbZE5jawuCtTpd8tID2k74Du226Rpaus8Zr0r-qCLHiaW5_Vw_w4qLvVb90icHQQTxICAoFjhzno27JznDNbHYMiTK10njns6AzugEiPmUki9P_vBOMs:1sc54B:_OuaR7owCPgE4FCunCL_WJVhdziQ7Ndey0EIPpbGqoM	2024-08-22 20:58:39.080621+05:30
0l9qfyr8kq1j3n6op4xwur2lsteoa60g	.eJxVjMsOwiAQAP-FsyGWRwGP3v0GsssuUjWQlPZk_HdD0oNeZybzFhH2rcS98xoXEhfhxOmXIaQn1yHoAfXeZGp1WxeUI5GH7fLWiF_Xo_0bFOhlbBmcVsla1Mw5syEmtsql5K3yQc-gcE4UjAXMyk-ZJ8ZwDmQc6RCU-HwBEnc4sw:1sWVZr:hlOE7TpTpRCqdYPboBexLNv5gJhmxWs-vyMOaxKulMU	2024-08-07 12:04:19.930519+05:30
a6vwdb7aur4wfgxq06tn5ne887jy3pon	.eJxVjMsOwiAQAP-FsyGWRwGP3v0GsssuUjWQlPZk_HdD0oNeZybzFhH2rcS98xoXEhfhxOmXIaQn1yHoAfXeZGp1WxeUI5GH7fLWiF_Xo_0bFOhlbBmcVsla1Mw5syEmtsql5K3yQc-gcE4UjAXMyk-ZJ8ZwDmQc6RCU-HwBEnc4sw:1scQ3P:A8zTMxekWpd8te6rqmMEe7TrT420zW4qQ8L59X8Ad1U	2024-08-23 19:23:15.003342+05:30
4yf7rdp691dq9kb8zgqlkohlr5ok4axy	.eJxVjMsOwiAQAP-FsyGWRwGP3v0GsssuUjWQlPZk_HdD0oNeZybzFhH2rcS98xoXEhfhxOmXIaQn1yHoAfXeZGp1WxeUI5GH7fLWiF_Xo_0bFOhlbBmcVsla1Mw5syEmtsql5K3yQc-gcE4UjAXMyk-ZJ8ZwDmQc6RCU-HwBEnc4sw:1sWzXj:lnZ5X8lL_MuDglJVjeGtzDBSCel-LhxaXILdTHiKzyA	2024-08-08 20:04:07.070867+05:30
2k40sufufsduq25i6xtq32qhawtr8x2x	.eJxVjMsOwiAQRf-FtSEFYaAu3fcbyDAzSNXQpI-V8d-1SRe6veec-1IJt7WmbZE5jawuCtTpd8tID2k74Du226Rpaus8Zr0r-qCLHiaW5_Vw_w4qLvVb90icHQQTxICAoFjhzno27JznDNbHYMiTK10njns6AzugEiPmUki9P_vBOMs:1sd6R3:LEM3UcG79A61uKxMg8NGapMRmdigQ2xBJWZIMZTXZcs	2024-08-25 16:38:29.893758+05:30
j8ygvnuhs129clagl67ggf5v4l7zy41u	.eJxVjMsOwiAQRf-FtSEFYaAu3fcbyDAzSNXQpI-V8d-1SRe6veec-1IJt7WmbZE5jawuCtTpd8tID2k74Du226Rpaus8Zr0r-qCLHiaW5_Vw_w4qLvVb90icHQQTxICAoFjhzno27JznDNbHYMiTK10njns6AzugEiPmUki9P_vBOMs:1sXEre:ueYVQpMqofU2zlMh9RzF_bbpdjAvGrdXFRaHX7p3Ayo	2024-08-09 12:25:42.846253+05:30
9l3ntuc85mt3k8r9sy0wiy677b5t8id1	.eJxVjMsOwiAQAP-FsyGWRwGP3v0GsssuUjWQlPZk_HdD0oNeZybzFhH2rcS98xoXEhfhxOmXIaQn1yHoAfXeZGp1WxeUI5GH7fLWiF_Xo_0bFOhlbBmcVsla1Mw5syEmtsql5K3yQc-gcE4UjAXMyk-ZJ8ZwDmQc6RCU-HwBEnc4sw:1sXYwe:BvZKAPV2_K6MPxwGpIT46nTkagcrWgP-ZFxFUlAiQes	2024-08-10 09:52:12.863237+05:30
xckeisqm3gbklw6zyh4c9ii7lnri0wa7	.eJxVjMsOwiAQRf-FtSEFYaAu3fcbyDAzSNXQpI-V8d-1SRe6veec-1IJt7WmbZE5jawuCtTpd8tID2k74Du226Rpaus8Zr0r-qCLHiaW5_Vw_w4qLvVb90icHQQTxICAoFjhzno27JznDNbHYMiTK10njns6AzugEiPmUki9P_vBOMs:1sY28X:8kIFB27PdZjiD979Yeehavn2zl8mUe8F17CnWTa9PVg	2024-08-11 17:02:25.780686+05:30
8btltcqwjsv9arvflt3bv322gghvxxn3	.eJxVjMsOwiAQAP-FsyGWRwGP3v0GsssuUjWQlPZk_HdD0oNeZybzFhH2rcS98xoXEhfhxOmXIaQn1yHoAfXeZGp1WxeUI5GH7fLWiF_Xo_0bFOhlbBmcVsla1Mw5syEmtsql5K3yQc-gcE4UjAXMyk-ZJ8ZwDmQc6RCU-HwBEnc4sw:1sd6vr:1yN2NUlieVTmEDTSD3K_WB3pKhr9WX5Qoia7qdlnAXE	2024-08-25 17:10:19.202389+05:30
wjp8fv7cpbp4nwv0gsc4mbcvm8v2wiz4	.eJxVjMsOwiAQRf-FtSEFYaAu3fcbyDAzSNXQpI-V8d-1SRe6veec-1IJt7WmbZE5jawuCtTpd8tID2k74Du226Rpaus8Zr0r-qCLHiaW5_Vw_w4qLvVb90icHQQTxICAoFjhzno27JznDNbHYMiTK10njns6AzugEiPmUki9P_vBOMs:1sdMhq:JboBY77cHj4NA6ZoAv-57SSHqVLUFY2ve0o-fT2xTX0	2024-08-26 10:00:54.89491+05:30
od0r3up9l9v7vyevqn9abg5kwo622kth	.eJxVjMEOwiAQRP-FsyFQyi716N1vIAsLUjU0Ke3J-O9K0oPeJvPezEt42rfi95ZWP7M4i0mcfrtA8ZFqB3yneltkXOq2zkF2RR60yevC6Xk53L-DQq1816NWNmlFDoYhB0BwBnVImrLB4AiBKRpHbNha46LqGQwoGDNPmFG8P8_qN34:1sdinW:OTS7a1lsK_s3vxjti3z8RwcOfjk2lRBjDvcg7s7E33I	2024-08-27 09:36:14.113254+05:30
yncbshzq9265p7p6a55256prav1cusa9	.eJxVjMsOwiAQRf-FtSEFYaAu3fcbyDAzSNXQpI-V8d-1SRe6veec-1IJt7WmbZE5jawuCtTpd8tID2k74Du226Rpaus8Zr0r-qCLHiaW5_Vw_w4qLvVb90icHQQTxICAoFjhzno27JznDNbHYMiTK10njns6AzugEiPmUki9P_vBOMs:1se4o6:WVq2ECNmiNFgUSkKveXMGg8yuUH9YxVCssd6f3DrBO0	2024-08-28 09:06:18.543006+05:30
xf8bm55s4h2ief54rlq1j6mn9cwz1hh6	.eJxVjMsOwiAQAP-FsyGWRwGP3v0GsssuUjWQlPZk_HdD0oNeZybzFhH2rcS98xoXEhfhxOmXIaQn1yHoAfXeZGp1WxeUI5GH7fLWiF_Xo_0bFOhlbBmcVsla1Mw5syEmtsql5K3yQc-gcE4UjAXMyk-ZJ8ZwDmQc6RCU-HwBEnc4sw:1sYPw4:sVjI7BZ6zQDJl1myHz9Nt74JK8eY-xVgWdpi7c8b3QY	2024-08-12 18:27:08.543543+05:30
6a1q3fqupt1ogpizb0w54tdgrua4gx3s	.eJxVjMsOwiAQRf-FtSEFYaAu3fcbyDAzSNXQpI-V8d-1SRe6veec-1IJt7WmbZE5jawuCtTpd8tID2k74Du226Rpaus8Zr0r-qCLHiaW5_Vw_w4qLvVb90icHQQTxICAoFjhzno27JznDNbHYMiTK10njns6AzugEiPmUki9P_vBOMs:1seI1n:95QwJ8DrLTQBWLxvJi_Vqo7FcajRaNkLU1rWmsM_cKs	2024-08-28 23:13:19.748913+05:30
7v3ncgzg9svtww3o5rptcem9r3hv2qhb	.eJxVjMsOwiAQAP-FsyGWRwGP3v0GsssuUjWQlPZk_HdD0oNeZybzFhH2rcS98xoXEhfhxOmXIaQn1yHoAfXeZGp1WxeUI5GH7fLWiF_Xo_0bFOhlbBmcVsla1Mw5syEmtsql5K3yQc-gcE4UjAXMyk-ZJ8ZwDmQc6RCU-HwBEnc4sw:1sYnpX:ugR6tCZOzPY6ak20nqkLkMX9e9q805Tg1XU_-gKFfaY	2024-08-13 19:57:59.202033+05:30
u4qvfkgd2amqbpd8ze0rrz73zpx6mtjg	.eJxVjMsOwiAQRf-FtSEFYaAu3fcbyDAzSNXQpI-V8d-1SRe6veec-1IJt7WmbZE5jawuCtTpd8tID2k74Du226Rpaus8Zr0r-qCLHiaW5_Vw_w4qLvVb90icHQQTxICAoFjhzno27JznDNbHYMiTK10njns6AzugEiPmUki9P_vBOMs:1sZAie:3xBcE0HF-exHfev7eiL0illKqDlfCwUBv4G79aiyA08	2024-08-14 20:24:24.880471+05:30
b6qdvevd7xxf9bj372ngrhocdn2mgwjd	.eJxVjMsOwiAQRf-FtSEFYaAu3fcbyDAzSNXQpI-V8d-1SRe6veec-1IJt7WmbZE5jawuCtTpd8tID2k74Du226Rpaus8Zr0r-qCLHiaW5_Vw_w4qLvVb90icHQQTxICAoFjhzno27JznDNbHYMiTK10njns6AzugEiPmUki9P_vBOMs:1sZog3:itte6k1YgR7Aa1XA95slfpqmXX6LnU3xqzopPdJZDT4	2024-08-16 15:04:23.446894+05:30
t8vl4wv06g4seiiiljjzun8difupd0wq	.eJxVjMsOwiAQAP-FsyGWRwGP3v0GsssuUjWQlPZk_HdD0oNeZybzFhH2rcS98xoXEhfhxOmXIaQn1yHoAfXeZGp1WxeUI5GH7fLWiF_Xo_0bFOhlbBmcVsla1Mw5syEmtsql5K3yQc-gcE4UjAXMyk-ZJ8ZwDmQc6RCU-HwBEnc4sw:1sa9HP:nlJ9Y53pmxHeglCuKK7pD7Ma5ScS7Vd2h_2qfYjcG2c	2024-08-17 13:04:19.412316+05:30
dncdtk2wz82qu4z7wrac04k3ujydc0ak	.eJxVjDsOwjAQBe_iGlnyN15Kes5grXdtHEC2FCcV4u4QKQW0b2beS0Tc1hq3kZc4sziLIE6_W0J65LYDvmO7dUm9rcuc5K7Igw557Zyfl8P9O6g46rd2vng9BYcwcWCrjQXNOZuilGGvlfEuWPKFFYAGw0gZwBIxItmknHh_AMsTN78:1seXde:QpgQJAY7LP4ch-njtL6PIfNspa8UZiEUDaPAmwnixRo	2024-08-29 15:53:26.029921+05:30
ydhookwu0bmqxezg0cc68g9rmwzbz0f9	.eJxVjMsOwiAQAP-FsyGWRwGP3v0GsssuUjWQlPZk_HdD0oNeZybzFhH2rcS98xoXEhfhxOmXIaQn1yHoAfXeZGp1WxeUI5GH7fLWiF_Xo_0bFOhlbBmcVsla1Mw5syEmtsql5K3yQc-gcE4UjAXMyk-ZJ8ZwDmQc6RCU-HwBEnc4sw:1saVLy:QBU_jxGExgRU7RxiCdG6rrCQjK9JpdVlQKYFkIpIfPw	2024-08-18 12:38:30.065555+05:30
b6drom69h1a8c4wnzczed084qdxckhy1	.eJxVjMsOwiAQRf-FtSEFYaAu3fcbyDAzSNXQpI-V8d-1SRe6veec-1IJt7WmbZE5jawuCtTpd8tID2k74Du226Rpaus8Zr0r-qCLHiaW5_Vw_w4qLvVb90icHQQTxICAoFjhzno27JznDNbHYMiTK10njns6AzugEiPmUki9P_vBOMs:1sag8T:bZiXS8Wxvv25C_aK8wyTqVpARvivsJiqQOMSQJj5DN0	2024-08-19 00:09:17.380769+05:30
gfdye0bd9cmqlw1w5o63hcrlpinogx57	.eJxVjMsOwiAQAP-FsyGWRwGP3v0GsssuUjWQlPZk_HdD0oNeZybzFhH2rcS98xoXEhfhxOmXIaQn1yHoAfXeZGp1WxeUI5GH7fLWiF_Xo_0bFOhlbBmcVsla1Mw5syEmtsql5K3yQc-gcE4UjAXMyk-ZJ8ZwDmQc6RCU-HwBEnc4sw:1saq2m:xfAAgVRfiQHJSMjt4bgdrHccaaSs_HP8Qk2NyfoWJa8	2024-08-19 10:44:04.447637+05:30
ayd47icwi6vqtnamayx3w03thvb5b6ax	.eJxVjMsOwiAQAP-FsyGWRwGP3v0GsssuUjWQlPZk_HdD0oNeZybzFhH2rcS98xoXEhfhxOmXIaQn1yHoAfXeZGp1WxeUI5GH7fLWiF_Xo_0bFOhlbBmcVsla1Mw5syEmtsql5K3yQc-gcE4UjAXMyk-ZJ8ZwDmQc6RCU-HwBEnc4sw:1sbZr2:21MZ3Ku7tMAnEjp10aAqH5zsVKv3zquDcqnVuI4dkiI	2024-08-21 11:39:00.155299+05:30
ggdyy7kfjao1zlnp1u6oo8gkymhy7eff	.eJxVjMsOwiAQRf-FtSEFYaAu3fcbyDAzSNXQpI-V8d-1SRe6veec-1IJt7WmbZE5jawuCtTpd8tID2k74Du226Rpaus8Zr0r-qCLHiaW5_Vw_w4qLvVb90icHQQTxICAoFjhzno27JznDNbHYMiTK10njns6AzugEiPmUki9P_vBOMs:1sfIaH:0BU9wt7ZTd2w-v_d7ScaZy3O4_Wb2DZVm18eAAvODNw	2024-08-31 18:01:05.457838+05:30
0i0a6zo77d0aym290nm2lzs69mmriumt	.eJxVjMsOwiAQRf-FtSEFYaAu3fcbyDAzSNXQpI-V8d-1SRe6veec-1IJt7WmbZE5jawuCtTpd8tID2k74Du226Rpaus8Zr0r-qCLHiaW5_Vw_w4qLvVb90icHQQTxICAoFjhzno27JznDNbHYMiTK10njns6AzugEiPmUki9P_vBOMs:1sgIxV:UB9wigVzA2GU6dtpgq-Nyd74pxGsvrY76to_Jdcevko	2024-09-03 12:37:13.482799+05:30
2al2r02xb354j05ntiu0tro7s1ounvpb	.eJxVjMsOwiAQAP-FsyGWRwGP3v0GsssuUjWQlPZk_HdD0oNeZybzFhH2rcS98xoXEhfhxOmXIaQn1yHoAfXeZGp1WxeUI5GH7fLWiF_Xo_0bFOhlbBmcVsla1Mw5syEmtsql5K3yQc-gcE4UjAXMyk-ZJ8ZwDmQc6RCU-HwBEnc4sw:1sgOOm:5-ck2sgpOPwfNbLQ0T5wUuJdWn5TKZE4KAZGsKmzAZQ	2024-09-03 18:25:44.166347+05:30
saglch4slc8zg1p8daxx17j57icatfui	.eJxVjMsOwiAQRf-FtSEFYaAu3fcbyDAzSNXQpI-V8d-1SRe6veec-1IJt7WmbZE5jawuCtTpd8tID2k74Du226Rpaus8Zr0r-qCLHiaW5_Vw_w4qLvVb90icHQQTxICAoFjhzno27JznDNbHYMiTK10njns6AzugEiPmUki9P_vBOMs:1sgcVH:y_mxMQIgEgQwv1YKjnGIfGJ5vge8SglD6qvVGKm4Xfg	2024-09-04 09:29:23.624371+05:30
lxc37qmrkl94m4fewm5554t2xjtrc0hv	.eJxVjMsOwiAQRf-FtSHyHly67zeQAQapGkhKuzL-uzbpQrf3nHNfLOC21rANWsKc2YUJy06_Y8T0oLaTfMd26zz1ti5z5LvCDzr41DM9r4f7d1Bx1G9NaMgIkATkPBXp0GpXCshsdHRKC0A4OytBqJgU2mJJGinAF1IGjGfvDwQHN28:1sgccP:ofom8m-aLdLMVAEXjIYZTN7fOYxrz2Sv-AvgkJ0GuRw	2024-09-04 09:36:45.583541+05:30
\.


--
-- Data for Name: django_site; Type: TABLE DATA; Schema: public; Owner: postgres
--

COPY public.django_site (id, domain, name) FROM stdin;
2	127.0.0.1	Local Development
\.


--
-- Data for Name: offer_app_offer; Type: TABLE DATA; Schema: public; Owner: postgres
--

COPY public.offer_app_offer (id, name, discount_percentage, start_date, end_date, is_active, offer_type) FROM stdin;
15	END OF THE SEASON SALE	20.00	2024-08-19 05:30:00+05:30	2024-08-30 05:30:00+05:30	t	product
16	SAMPLE OFFER	17.00	2024-08-12 05:30:00+05:30	2024-08-15 05:30:00+05:30	f	subcategory
14	WOMEN'S DAY SALE	22.00	2024-08-10 05:30:00+05:30	2024-08-13 05:30:00+05:30	f	subcategory
\.


--
-- Data for Name: order_app_order; Type: TABLE DATA; Schema: public; Owner: postgres
--

COPY public.order_app_order (id, payment_method, order_date, total_amount, delivery_address_id, ordered_user_id, order_unique_id, delivery_address_line, delivery_address_title, delivery_city, delivery_landmark, delivery_name, delivery_phone_number, delivery_pin, delivery_post_office, delivery_state, coupon_id, discount_amount, razorpay_order_id, razorpay_payment_id, payment_status, offer_discount_total, invoice_number) FROM stdin;
117	RazorPay	2024-08-13 16:42:47.486077+05:30	8798.00	7	9	OID83500	Abhi Nivas, Kodiyeri, Kannur	Home	Kannur	near onion school	Abhishek T K	7865678909	670987	Kodiyeri	Kerala	3	1000.00	order_Ola0uwiU67D6dA	\N	Paid	0.00	\N
140	COD	2024-08-21 09:11:46.759961+05:30	2699.00	4	8	OID58389	Brototype , Kinfra Kakanchery	Work	Malappuram	Kinfra 3rd floor kakanchery	Akhil M	9876908767	678987	Chelambra	Malappuram	4	500.00	\N	\N	Pending	0.00	\N
105	Wallet	2024-08-11 16:39:31.620318+05:30	3999.00	6	7	OID39253	Brototype , Kinfra Kakanchery	Work	Malappuram	Kinfra 3rd floor kakanchery	Harilal P	9876908764	678987	Kozhikode	Malappuram	4	500.00	\N	\N	Paid	0.00	\N
143	COD	2024-08-21 09:28:53.144646+05:30	6799.00	4	8	OID23418	Brototype , Kinfra Kakanchery	Work	Malappuram	Kinfra 3rd floor kakanchery	Akhil M	9876908767	678987	Chelambra	Malappuram	4	500.00	\N	\N	Pending	0.00	\N
101	COD	2024-08-09 12:19:02.834451+05:30	14209.30	6	7	OID45912	Brototype , Kinfra Kakanchery	Work	Malappuram	Kinfra 3rd floor kakanchery	Harilal P	9876908764	678987	Kozhikode	Malappuram	5	6089.70	\N	\N	Paid	0.00	\N
102	RazorPay	2024-08-09 12:32:44.278314+05:30	4499.00	6	7	OID23195	Brototype , Kinfra Kakanchery	Work	Malappuram	Kinfra 3rd floor kakanchery	Harilal P	9876908764	678987	Kozhikode	Malappuram	\N	0.00	order_OiiAQd9P8J1Gia	\N	Paid	0.00	\N
103	RazorPay	2024-08-09 14:23:12.394579+05:30	7349.00	6	7	OID71156	Brototype , Kinfra Kakanchery	Work	Malappuram	Kinfra 3rd floor kakanchery	Harilal P	9876908764	678987	Kozhikode	Malappuram	4	500.00	order_Oik37Ds1VYBqnO	\N	Paid	0.00	\N
106	COD	2024-08-11 16:39:51.637908+05:30	7798.00	6	7	OID38620	Brototype , Kinfra Kakanchery	Work	Malappuram	Kinfra 3rd floor kakanchery	Harilal P	9876908764	678987	Kozhikode	Malappuram	\N	0.00	\N	\N	Paid	0.00	\N
107	COD	2024-08-11 16:40:15.273352+05:30	9098.00	6	7	OID97679	Brototype , Kinfra Kakanchery	Work	Malappuram	Kinfra 3rd floor kakanchery	Harilal P	9876908764	678987	Kozhikode	Malappuram	4	500.00	\N	\N	Paid	0.00	\N
104	COD	2024-08-09 14:29:12.269653+05:30	3119.20	6	7	OID14513	Brototype , Kinfra Kakanchery	Work	Malappuram	Kinfra 3rd floor kakanchery	Harilal P	9876908764	678987	Kozhikode	Malappuram	\N	0.00	\N	\N	Paid	779.80	\N
108	COD	2024-08-12 12:27:19.442877+05:30	9100.00	6	7	OID53343	Brototype , Kinfra Kakanchery	Work	Malappuram	Kinfra 3rd floor kakanchery	Harilal P	9876908764	678987	Kozhikode	Malappuram	4	500.00	\N	\N	Paid	0.00	\N
109	RazorPay	2024-08-12 17:47:22.37555+05:30	8016.64	4	8	OID51209	Brototype , Kinfra Kakanchery	Work	Malappuram	Kinfra 3rd floor kakanchery	Akhil M	9876908767	678987	Chelambra	Malappuram	5	3435.70	order_Ojz8ADwyF0Og8f	\N	Paid	2345.66	\N
110	RazorPay	2024-08-12 20:46:16.31318+05:30	2489.17	7	9	OID06103	Abhi Nivas, Kodiyeri, Kannur	Home	Kannur	near onion school	Abhishek T K	7865678909	670987	Kodiyeri	Kerala	\N	0.00	order_Ok2B8jPFeQxMI8	\N	Paid	509.83	\N
112	RazorPay	2024-08-12 21:18:19.186689+05:30	6799.00	7	9	OID85882	Abhi Nivas, Kodiyeri, Kannur	Home	Kannur	near onion school	Abhishek T K	7865678909	670987	Kodiyeri	Kerala	\N	0.00	order_Ok2izwZNRIAc30	\N	Paid	0.00	\N
115	RazorPay	2024-08-13 11:58:44.517444+05:30	3699.00	7	9	OID47599	Abhi Nivas, Kodiyeri, Kannur	Home	Kannur	near onion school	Abhishek T K	7865678909	670987	Kodiyeri	Kerala	4	500.00	order_OkIjjQFlaV2z9M	\N	Paid	0.00	\N
116	COD	2024-08-13 12:59:20.14948+05:30	3399.00	7	9	OID81632	Abhi Nivas, Kodiyeri, Kannur	Home	Kannur	near onion school	Abhishek T K	7865678909	670987	Kodiyeri	Kerala	4	500.00	\N	\N	Pending	0.00	\N
120	RazorPay	2024-08-13 18:18:43.166796+05:30	6514.67	7	9	OID88826	Abhi Nivas, Kodiyeri, Kannur	Home	Kannur	near onion school	Abhishek T K	7865678909	670987	Kodiyeri	Kerala	\N	0.00	order_OkOCydZTZ8BoUA	\N	Paid	1334.33	\N
113	RazorPay	2024-08-12 21:19:08.026429+05:30	6499.00	7	9	OID74941	Abhi Nivas, Kodiyeri, Kannur	Home	Kannur	near onion school	Abhishek T K	7865678909	670987	Kodiyeri	Kerala	\N	0.00	order_OkMTdz2g9fPQ27	\N	Paid	0.00	\N
118	RazorPay	2024-08-13 16:56:59.439573+05:30	6799.00	7	9	OID06973	Abhi Nivas, Kodiyeri, Kannur	Home	Kannur	near onion school	Abhishek T K	7865678909	670987	Kodiyeri	Kerala	\N	0.00	order_OkMpZOW754de0F	\N	Paid	0.00	\N
121	RazorPay	2024-08-13 18:22:16.342732+05:30	5726.17	7	9	OID21245	Abhi Nivas, Kodiyeri, Kannur	Home	Kannur	near onion school	Abhishek T K	7865678909	670987	Kodiyeri	Kerala	\N	0.00	order_OkOH3N4wFe17s7	\N	Paid	1172.83	\N
111	RazorPay	2024-08-12 21:17:43.602905+05:30	6799.00	7	9	OID24047	Abhi Nivas, Kodiyeri, Kannur	Home	Kannur	near onion school	Abhishek T K	7865678909	670987	Kodiyeri	Kerala	\N	0.00	order_OkOJmXiHjtYsiQ	\N	Paid	0.00	\N
119	RazorPay	2024-08-13 18:15:24.853539+05:30	6514.67	7	9	OID90458	Abhi Nivas, Kodiyeri, Kannur	Home	Kannur	near onion school	Abhishek T K	7865678909	670987	Kodiyeri	Kerala	\N	0.00	order_OkOHTLDM5VvqRb	\N	Paid	1334.33	\N
123	RazorPay	2024-08-13 18:47:39.157245+05:30	4799.00	7	9	OID45012	Abhi Nivas, Kodiyeri, Kannur	Home	Kannur	near onion school	Abhishek T K	7865678909	670987	Kodiyeri	Kerala	\N	0.00	order_OkOgybaXQjtEc6	\N	Paid	0.00	\N
124	RazorPay	2024-08-14 23:25:06.789696+05:30	13098.00	6	7	OID28691	Brototype , Kinfra Kakanchery	Work	Malappuram	Kinfra 3rd floor kakanchery	Harilal P	9876908764	678987	Kozhikode	Malappuram	4	500.00	order_OkrxBPY0ZOq3k8	\N	Paid	0.00	\N
125	RazorPay	2024-08-15 10:48:19.160395+05:30	3070.17	6	7	OID84417	Brototype , Kinfra Kakanchery	Work	Malappuram	Kinfra 3rd floor kakanchery	Harilal P	9657890894	678987	Kozhikode	Malappuram	\N	0.00	order_Ol3arBBXk8tHeg	\N	Paid	628.83	INV-6BD9A7FE
126	COD	2024-08-15 11:34:51.92542+05:30	3651.17	6	7	OID86667	Brototype , Kinfra Kakanchery	Work	Malappuram	Kinfra 3rd floor kakanchery	Harilal P	9657890894	678987	Kozhikode	Malappuram	\N	0.00	\N	\N	Pending	747.83	\N
129	RazorPay	2024-08-15 15:57:23.934119+05:30	10798.00	4	8	OID90729	Brototype , Kinfra Kakanchery	Work	Malappuram	Kinfra 3rd floor kakanchery	Akhil M	9876908767	678987	Chelambra	Malappuram	\N	0.00	order_Ol8rNoi4PmhFdh	\N	Paid	0.00	\N
130	RazorPay	2024-08-15 16:01:43.553584+05:30	10798.00	4	8	OID06859	Brototype , Kinfra Kakanchery	Work	Malappuram	Kinfra 3rd floor kakanchery	Akhil M	9876908767	678987	Chelambra	Malappuram	\N	0.00	order_Ol8vxDMy5WoZW1	\N	Pending	0.00	\N
131	RazorPay	2024-08-15 16:02:03.090225+05:30	10798.00	4	8	OID25407	Brototype , Kinfra Kakanchery	Work	Malappuram	Kinfra 3rd floor kakanchery	Akhil M	9876908767	678987	Chelambra	Malappuram	\N	0.00	order_Ol8wIXJaqZHMcc	\N	Pending	0.00	\N
132	RazorPay	2024-08-15 16:02:11.603918+05:30	10798.00	4	8	OID07256	Brototype , Kinfra Kakanchery	Work	Malappuram	Kinfra 3rd floor kakanchery	Akhil M	9876908767	678987	Chelambra	Malappuram	\N	0.00	order_Ol8wRp7efsCy8O	\N	Pending	0.00	\N
133	COD	2024-08-15 16:02:44.046731+05:30	10798.00	4	8	OID58379	Brototype , Kinfra Kakanchery	Work	Malappuram	Kinfra 3rd floor kakanchery	Akhil M	9876908767	678987	Chelambra	Malappuram	\N	0.00	\N	\N	Pending	0.00	\N
134	RazorPay	2024-08-15 19:53:22.187785+05:30	6299.00	6	7	OID66697	Brototype , Kinfra Kakanchery	Work	Malappuram	Kinfra 3rd floor kakanchery	Harilal P	9657890894	678987	Kozhikode	Malappuram	\N	0.00	order_OlCt1GwlHCdzDA	\N	Pending	0.00	\N
136	RazorPay	2024-08-16 18:06:32.017956+05:30	3070.17	7	9	OID03757	Abhi Nivas, Kodiyeri, Kannur	Home	Kannur	near onion school	Abhishek T K	7865678909	670987	Kodiyeri	Kerala	\N	0.00	order_OlZeEuTgToab9q	\N	Paid	628.83	\N
135	RazorPay	2024-08-15 19:55:36.744482+05:30	3070.17	6	7	OID02311	Brototype , Kinfra Kakanchery	Work	Malappuram	Kinfra 3rd floor kakanchery	Harilal P	9657890894	678987	Kozhikode	Malappuram	\N	0.00	order_OlCv0hqmvSChMq	\N	Pending	628.83	\N
137	RazorPay	2024-08-16 18:30:07.22344+05:30	3070.17	7	9	OID65469	Abhi Nivas, Kodiyeri, Kannur	Home	Kannur	near onion school	Abhishek T K	7865678909	670987	Kodiyeri	Kerala	\N	0.00	order_OlZzqFCgsMsymS	\N	Paid	628.83	\N
122	RazorPay	2024-08-13 18:24:25.434624+05:30	5726.17	7	9	OID12136	Abhi Nivas, Kodiyeri, Kannur	Home	Kannur	near onion school	Abhishek T K	7865678909	670987	Kodiyeri	Kerala	\N	0.00	order_Ola0KPcyEL0hVf	\N	Paid	1172.83	\N
138	RazorPay	2024-08-19 12:23:59.220869+05:30	3659.20	10	17	OID66827	sample address	Home	Malappuram		dilshad	9876908764	670987	Kondotty	Kerala	4	500.00	order_OmfMSDODuRkSTI	\N	Paid	1039.80	\N
139	RazorPay	2024-08-20 14:00:13.731811+05:30	14598.00	11	16	OID50971	Sample Address	Home	Kannur	Near bustand	Swathi C	9657890894	678908	Kodiyeri	Kerala	\N	0.00	order_On5XFPZTWujSS5	\N	Paid	0.00	INV-C140FD9C
141	COD	2024-08-21 09:17:17.327601+05:30	6799.00	4	8	OID33484	Brototype , Kinfra Kakanchery	Work	Malappuram	Kinfra 3rd floor kakanchery	Akhil M	9876908767	678987	Chelambra	Malappuram	4	500.00	\N	\N	Pending	0.00	\N
142	RazorPay	2024-08-21 09:17:48.137074+05:30	6799.00	4	8	OID62207	Brototype , Kinfra Kakanchery	Work	Malappuram	Kinfra 3rd floor kakanchery	Akhil M	9876908767	678987	Chelambra	Malappuram	4	500.00	order_OnPG2IgIIIgUkd	\N	Paid	0.00	\N
144	COD	2024-08-21 09:37:03.502001+05:30	6799.00	11	16	OID07944	Sample Address	Home	Kannur	Near bustand	Swathi C	9657890894	678908	Kodiyeri	Kerala	4	500.00	\N	\N	Pending	0.00	\N
\.


--
-- Data for Name: order_app_orderitem; Type: TABLE DATA; Schema: public; Owner: postgres
--

COPY public.order_app_orderitem (id, quantity, price, status, order_id, product_size_id, return_eligible_day_one, return_requested) FROM stdin;
99	1	3999.00	Return Completed	105	74	2024-08-11 16:42:24.359247+05:30	f
103	2	4008.32	Pending	109	71	\N	f
105	1	6799.00	Pending	111	75	\N	f
107	1	6499.00	Pending	113	76	\N	f
106	1	6799.00	Processing	112	75	\N	f
109	1	3699.00	Pending	115	69	\N	f
110	1	3399.00	Pending	116	70	\N	f
111	2	4399.00	Pending	117	66	\N	f
112	1	6799.00	Pending	118	75	\N	f
113	1	6514.67	Pending	119	73	\N	f
114	1	6514.67	Pending	120	73	\N	f
115	1	5726.17	Pending	121	71	\N	f
116	1	5726.17	Pending	122	71	\N	f
117	1	4799.00	Pending	123	68	\N	f
118	2	6549.00	Pending	124	92	\N	f
95	1	4759.30	Delivered	101	75	2024-08-09 12:31:27.532964+05:30	f
96	1	4499.00	Cancelled	102	74	\N	f
97	1	7349.00	Cancelled	103	73	\N	f
119	1	3070.17	Pending	125	89	\N	f
120	1	3651.17	Pending	126	86	\N	f
100	2	3899.00	Delivered	106	70	2024-08-11 16:42:27.795432+05:30	f
101	2	4549.00	Delivered	107	68	2024-08-11 16:42:32.901706+05:30	f
98	1	3119.20	Delivered	104	70	2024-08-11 16:42:46.269723+05:30	f
124	2	5399.00	Pending	129	62	\N	f
125	2	5399.00	Pending	130	62	\N	f
126	2	5399.00	Pending	131	62	\N	f
127	2	5399.00	Pending	132	62	\N	f
128	2	5399.00	Pending	133	62	\N	f
129	1	6299.00	Pending	134	90	\N	f
130	1	3070.17	Pending	135	89	\N	f
131	1	3070.17	Pending	136	89	\N	f
132	1	3070.17	Pending	137	89	\N	f
133	1	3659.20	Return Completed	138	7	2024-08-19 12:26:02.872946+05:30	t
134	2	7299.00	Pending	139	142	\N	f
135	1	2699.00	Pending	140	115	\N	f
136	1	6799.00	Pending	141	145	\N	f
137	1	6799.00	Pending	142	144	\N	f
138	1	6799.00	Pending	143	129	\N	f
139	1	6799.00	Pending	144	140	\N	f
\.


--
-- Data for Name: product_app_product; Type: TABLE DATA; Schema: public; Owner: postgres
--

COPY public.product_app_product (id, product_name, description, price, slug, created_at, updated_at, category_id_id, subcategory_id_id, is_listed, featured, discount_percentage, is_offer_applied, discounted_price, applied_offer_id) FROM stdin;
54	PUMA Low Top Lace Up Sneakers	3-month warranty against manufacturing defects Fabric upper Package contains: 1 pair of sneakers Rubber sole	4599.00	men-casuals-men-puma-low-top-lace-up-sneakers	2024-08-13 21:20:06.368299+05:30	2024-08-13 21:20:06.386774+05:30	1	2	t	f	0	f	4599.00	\N
56	CARLTON LONDON Women Pointed Toe Pumps	Wipe with a clean, dry cloth when needed Synthetic upper Package contains: 1 pair of pumps	2899.00	women-formals-women-carlton-london-women-pointed-toe-pumps	2024-08-13 21:32:47.879049+05:30	2024-08-13 21:32:47.886567+05:30	2	4	t	f	0	f	2899.00	\N
59	NEW BALANCE Men 327 Lace Up Sneakers	3-month warranty against manufacturing defects Package contains: 1 pair of shoes Rubber sole	6299.00	casuals-men-new-balance-men-327-lace-up-sneakers	2024-08-14 15:57:56.179357+05:30	2024-08-14 15:57:56.195498+05:30	1	2	t	f	0	f	6299.00	\N
64	ALDO Slip On Boots	Package contains: 1 pair of boots	6799.00	formals-men-aldo-slip-on-boots	2024-08-17 18:48:49.212618+05:30	2024-08-17 18:48:49.220024+05:30	1	3	t	f	0	f	6799.00	\N
66	LUXORO FORMELLO Basket Weave Loafers	Package contains: 1 pair of shoes	6199.00	formals-men-luxoro-formello-basket-weave-loafers	2024-08-17 18:58:55.080185+05:30	2024-08-17 18:58:55.084175+05:30	1	3	t	f	0	f	6199.00	\N
58	Ninty nine CRAFTS Round Toe Slip On Loafers	Wipe with a clean, dry cloth when needed Leather insole Slip-on Styling Package contains: 1 pair of loafers	3699.00	men-formals-men-ninty-nine-crafts-round-toe-slip-on-loafers	2024-08-13 21:57:14.208611+05:30	2024-08-16 20:38:29.065854+05:30	1	3	t	f	0	f	3699.00	\N
60	CONVERSE Men Lace Up Sneakers	We recommend you buy a size larger Package contains: 1 pair of sneakers Rubber sole	4699.00	casuals-men-converse-men-lace-up-sneakers	2024-08-17 18:04:33.057044+05:30	2024-08-17 18:04:33.06404+05:30	1	2	t	f	0	f	4699.00	\N
62	METRO Slip On Pumps	Synthetic upper Package contains: 1 pair of pumps	2399.00	formals-women-metro-slip-on-pumps	2024-08-17 18:28:43.311624+05:30	2024-08-17 18:28:43.325202+05:30	2	4	t	f	0	f	2399.00	\N
68	COLUMBIA Trailstorm Ascend Trekking Shoes	Hiking, Trekking OMNIGRIP, OMNITECH, TECHLITE Lace Fastening 1 Month Package contains: 1 Pair of Shoes	7299.00	casuals-men-columbia-trailstorm-ascend-trekking-shoes	2024-08-17 19:12:07.835398+05:30	2024-08-20 12:54:50.325326+05:30	1	2	t	t	0	f	7299.00	\N
13	Nike P 6000	The Nike P-6000 draws on the 2006 Nike Air Pegasus, bringing you a mash-up of iconic style that's breathable, comfortable and evocative of that early-2000s vibe.	4899.00	men-casual-shoes-nike-p-6000-white	2024-07-12 18:53:02.957208+05:30	2024-08-08 21:02:45.42022+05:30	1	2	t	f	0	f	4899.00	\N
70	NIKE Air Jordan Legacy 312	Regular Fit 6-month warranty against manufacturing defects Package contains: 1 pair of sneakers Rubber sole	6999.00	casuals-men-nike-air-jordan-legacy-312	2024-08-17 19:35:58.302399+05:30	2024-08-20 12:54:57.801051+05:30	1	2	t	t	0	f	6999.00	\N
12	ADIDAS Orginals Samba	Leather upper with suede T-toe and overlays Synthetic leather 3-Stripes Soft leather lining Bluebird tongue label Synthetic leather heel tab Gum rubber outsole	5199.00	men-casual-shoes-adidas-orginals-samba-white	2024-07-12 18:41:49.123841+05:30	2024-08-20 13:02:05.656279+05:30	1	2	t	f	0	f	5199.00	\N
11	ADIDAS Orginals Ozweego	Leather upper with suede T-toe and overlays Synthetic leather 3-Stripes Soft leather lining Bluebird tongue label Synthetic leather heel tab Gum rubber outsole	4899.00	men-casual-shoes-adidas-orginals-ozweego-grey	2024-07-12 18:39:32.822969+05:30	2024-08-20 13:02:22.088028+05:30	1	2	t	t	20	t	3919.20	15
41	ADIDAS ORIGINALS Women Gazelle	3-month warranty against manufacturing defects Lace Fastening Suede upper Package contains: 1 pair of sneakers Rubber sole	5399.00	women-casuals-women-adidas-originals-women-gazelle	2024-08-08 14:41:50.450161+05:30	2024-08-20 13:02:26.442346+05:30	2	1	t	t	20	t	4319.20	15
43	CLARKS Women Loken Zip 	3-month warranty against manufacturing defects Heel height: 2.2 inches Fabric insole Regular Fit Suede upper Package contains: 1 pair of boots TPR sole	4899.00	women-formals-women-clarks-women-loken-zip	2024-08-08 15:22:39.314089+05:30	2024-08-10 09:52:15.274728+05:30	2	4	t	f	0	f	4899.00	\N
44	CLARKS Women Kyndall Iris	Heel height: 2.16 inches Regular Fit Synthetic upper Package contains: 1 pair of shoes TPR sole	3899.00	women-formals-women-clarks-women-kyndall-iris	2024-08-08 15:25:12.986455+05:30	2024-08-10 09:52:15.28265+05:30	2	4	t	f	0	f	3899.00	\N
55	ALDO Casual Slip on Shoes	Wipe with a clean, dry cloth when needed Sneaker Zip Synthetic Regular Synthetic upper Package Contains:1 Pair of Casual shoes	3499.00	women-casuals-women-aldo-casual-slip-on-shoes	2024-08-13 21:21:52.65071+05:30	2024-08-13 21:21:52.669254+05:30	2	1	t	f	0	f	3499.00	\N
47	CLARKS Leather Slip On Shoes with Knotted Accent	Leather upper Heel height: 0.975 inches Regular Fit TPR sole	3899.00	women-formals-women-clarks-leather-slip-on-shoes-with-knotted-accent	2024-08-08 15:53:46.901976+05:30	2024-08-10 09:52:15.290649+05:30	2	4	t	f	0	f	3899.00	\N
57	BUGATTI Men Round Toe Derbys	Wipe with a clean, dry cloth when needed Lace Fastening . 3-month warranty against manufacturing defects	4399.00	men-formals-men-bugatti-men-round-toe-derbys	2024-08-13 21:54:27.165784+05:30	2024-08-16 20:38:29.070902+05:30	1	3	t	f	0	f	4399.00	\N
49	REEBOK Men Training Shoes	Textile upper Durable rubber outsole with targeted lug pattern for ultimate traction heel clip: supports structure ripstop upper: for protection, breathability and durability. Heel collar: offers improved fit and style outdoor-inspired: screen prints and reflective materials drive outdoor wear floatride energy foam: provides lightweight cushioning and a more responsive ride than original floatride foam nano x2 tr adventure shoes stair sprints.	5699.00	men-casuals-men-reebok-men-training-shoes	2024-08-08 16:14:16.912071+05:30	2024-08-08 21:02:45.423222+05:30	1	2	t	f	0	f	5699.00	\N
46	CLARKS Laina85 Trim Pointed Toe Pumps	Heel height: 3.315 inches 3-month warranty against manufacturing defects Regular Fit Suede upper Package contains: 1 pair of pumps Resin sole	4199.00	women-formals-women-clarks-laina85-trim-pointed-toe-pumps	2024-08-08 15:51:33.770409+05:30	2024-08-20 12:55:05.412543+05:30	2	4	t	t	0	f	4199.00	\N
53	SKECHERS Men Go Run Swirl Tech Running Shoes	Goodyear max cushioning hyper burst glide step lace up w/ oversized branding-go run swirl tech-shoe-lace up-olive textile/synthetic Lace Fastening Regular Fit 3-month warranty against manufacturing defects EVA upper Package contains: 1 pair of shoes Rubber sole	6499.00	men-casuals-men-skechers-men-go-run-swirl-tech-running-shoes	2024-08-08 20:54:04.414585+05:30	2024-08-08 21:02:45.426213+05:30	1	2	t	f	0	f	6499.00	\N
50	LUXORO FORMELLO Formal Slip On	Leather insole Slip-on Styling Genuine leather upper Package contains: 1 pair of shoes Tunit sole	7849.00	men-formals-men-luxoro-formello-formal-slip-on	2024-08-08 16:16:09.364927+05:30	2024-08-16 20:38:29.075907+05:30	1	3	t	f	0	f	7849.00	\N
48	LOUIS PHILIPPE Oxfords	Lend finesse to your ensemble in these Brown lace-up shoes by Louis Philippe from the House of Louis Philippe. Lace Fastening Regular Fit Leather upper Package contains: 1 pair of shoes TPR sole	6899.00	men-formals-men-louis-philippe-oxfords	2024-08-08 16:11:43.246806+05:30	2024-08-16 20:38:29.07987+05:30	1	3	t	f	0	f	6899.00	\N
51	DUNE LONDON Beyond DI Textured Loafers	Wipe with a clean, dry cloth when needed Store away from humidity and direct sunlight 1.1 inches Slip-on Styling Regular Fit Genuine leather upper Package contains: 1 pair of shoes Rubber sole	4499.00	men-formals-men-dune-london-beyond-di-textured-loafers	2024-08-08 16:26:05.033047+05:30	2024-08-16 20:38:29.083944+05:30	1	3	t	f	0	f	4499.00	\N
61	FYRE ROSE Women Chunky Heeled Shoes	Heel height: 2.56 inches We recommend you buy a size smaller Package contains: 1 pair of pumps	2499.00	formals-women-fyre-rose-women-chunky-heeled-shoes	2024-08-17 18:19:34.54113+05:30	2024-08-17 18:19:34.547199+05:30	2	4	t	f	0	f	2499.00	\N
63	SKECHERS Ultra Flex Slip On Shoes	3-month warranty against manufacturing defects Regular Fit Package contains: 1 pair of shoes	3199.00	casuals-women-skechers-ultra-flex-slip-on-shoes	2024-08-17 18:44:04.263732+05:30	2024-08-17 18:44:04.277295+05:30	2	1	t	f	0	f	3199.00	\N
67	ADIDAS ORIGINALS ZX 2K Boost Pure	Textile upper Lace Fastening 3-month warranty against manufacturing defects	6699.00	casuals-men-adidas-originals-zx-2k-boost-pure	2024-08-17 19:06:19.944407+05:30	2024-08-17 19:06:19.948421+05:30	1	2	t	f	0	f	6699.00	\N
69	PUMA Nitro Engineered Sneakers	3-month warranty against manufacturing defects Package contains: 1 pair of sneakers Rubber sole	6799.00	casuals-men-puma-nitro-engineered-sneakers	2024-08-17 19:30:16.082867+05:30	2024-08-17 19:30:16.09687+05:30	1	2	t	f	0	f	6799.00	\N
71	NIKE Air Max 270	Regular Fit Package contains: 1 pair of sneakers Rubber sole	7299.00	casuals-men-nike-air-max-270	2024-08-17 19:42:24.610281+05:30	2024-08-17 19:42:24.623314+05:30	1	2	t	f	0	f	7299.00	\N
45	NIKE Women Downshifter 13	Whether you are starting your running journey or an expert eager to switch up your pace, the Downshifter 13 is down for the ride. With a revamped upper and cushion and durability, it helps you find that extra gear or take that first stride toward chasing down your goals. Upper material: Textile The outsole is made from at least 15% Nike Grind material, made from scraps from the footwear manufacturing process. Regular Package contains: 1 pair of shoes Rubber sole	4799.00	women-casuals-women-nike-women-downshifter-13	2024-08-08 15:49:30.668792+05:30	2024-08-20 13:02:19.337302+05:30	2	1	t	t	20	t	3839.20	15
52	ADIDAS ORIGINALS Superstar XLG Shoes	Lace Fastening Regular Fit 3-month warranty against manufacturing defects Synthetic upper Package contains: 1 pair of shoes Rubber sole	6799.00	men-casuals-men-adidas-originals-superstar-xlg-shoes	2024-08-08 16:36:16.865626+05:30	2024-08-20 13:02:29.96285+05:30	1	2	t	t	20	t	5439.20	15
65	ALDO Genuine Leather Loafers	Package contains: 1 pair of loafers	5299.00	casuals-men-aldo-genuine-leather-loafers	2024-08-17 18:51:49.751542+05:30	2024-08-20 13:02:34.699854+05:30	1	2	t	t	20	t	4239.20	15
\.


--
-- Data for Name: product_app_productcolorimage; Type: TABLE DATA; Schema: public; Owner: postgres
--

COPY public.product_app_productcolorimage (id, color_name, image_1, image_2, image_3, created_at, updated_at, product_id_id) FROM stdin;
8	White	product_images/image_1_iUa77xs.jpeg	product_images/image_2_kG8GCHZ.jpeg	product_images/image_3_6Yq8sY7.jpeg	2024-07-12 18:53:02.968207+05:30	2024-08-13 20:48:44.780758+05:30	13
7	White	product_images/image_1_MQMp8m4.jpeg	product_images/image_2_hWrnr46.jpeg	product_images/image_3_aR3Xhfg.jpeg	2024-07-12 18:41:49.129775+05:30	2024-08-13 20:42:55.541851+05:30	12
77	Brown	product_images/-1117Wx1400H-700005646-brown-MODEL3.jpg	product_images/-1117Wx1400H-700005646-brown-MODEL2.jpg	product_images/-1117Wx1400H-700005646-brown-MODEL.jpg	2024-08-17 19:00:04.808065+05:30	2024-08-17 19:00:04.808065+05:30	66
78	Yellow	product_images/-1117Wx1400H-460930602-yellow-MODEL.jpg	product_images/-1117Wx1400H-460930602-yellow-MODEL2.jpg	product_images/-1117Wx1400H-460930602-yellow-MODEL4.jpg	2024-08-17 19:06:19.953864+05:30	2024-08-17 19:06:19.953864+05:30	67
79	Black	product_images/-1117Wx1400H-467065189-black-MODEL.jpg	product_images/-1117Wx1400H-467065189-black-MODEL4.jpg	product_images/-1117Wx1400H-467065189-black-MODEL9.jpg	2024-08-17 19:12:07.854404+05:30	2024-08-17 19:12:07.854404+05:30	68
80	Grey	product_images/-1117Wx1400H-467057752-grey-MODEL.jpg	product_images/-1117Wx1400H-467057752-grey-MODEL4.jpg	product_images/-1117Wx1400H-467057752-grey-MODEL9.jpg	2024-08-17 19:12:59.411338+05:30	2024-08-17 19:12:59.411338+05:30	68
6	Yellow	product_images/image_1.jpeg	product_images/image_2.jpeg	product_images/image_3.jpeg	2024-07-12 18:39:32.832969+05:30	2024-08-17 19:20:33.327656+05:30	11
81	Grey	product_images/-1117Wx1400H-469584129-grey-MODEL.jpg	product_images/-1117Wx1400H-469584129-grey-MODEL4.jpg	product_images/-1117Wx1400H-469584129-grey-MODEL2.jpg	2024-08-17 19:22:07.362143+05:30	2024-08-17 19:22:14.16058+05:30	11
82	Black	product_images/-1117Wx1400H-467065023-black-MODEL.jpg	product_images/-1117Wx1400H-467065023-black-MODEL4.jpg	product_images/-1117Wx1400H-467065023-black-MODEL3.jpg	2024-08-17 19:30:16.107864+05:30	2024-08-17 19:30:16.107864+05:30	69
83	White	product_images/-1117Wx1400H-469615736-white-MODEL.jpg	product_images/-1117Wx1400H-469615736-white-MODEL4.jpg	product_images/-1117Wx1400H-469615736-white-MODEL6.jpg	2024-08-17 19:35:58.321767+05:30	2024-08-17 19:35:58.321767+05:30	70
84	Black	product_images/-1117Wx1400H-469615735-black-MODEL.jpg	product_images/-1117Wx1400H-469615735-black-MODEL5.jpg	product_images/-1117Wx1400H-469615735-black-MODEL6.jpg	2024-08-17 19:36:56.112788+05:30	2024-08-17 19:36:56.112788+05:30	70
85	Black	product_images/-1117Wx1400H-469581785-black-MODEL.jpg	product_images/-1117Wx1400H-469581785-black-MODEL5.jpg	product_images/-1117Wx1400H-469581785-black-MODEL2.jpg	2024-08-17 19:42:24.631323+05:30	2024-08-17 19:42:24.631323+05:30	71
86	Grey	product_images/-1117Wx1400H-469581786-white-MODEL.jpg	product_images/-1117Wx1400H-469581786-white-MODEL6.jpg	product_images/-1117Wx1400H-469581786-white-MODEL2.jpg	2024-08-17 19:43:34.195148+05:30	2024-08-17 19:43:34.195148+05:30	71
42	Pink	product_images/-1117Wx1400H-469581964-white-MODEL_pW560RJ.jpg	product_images/-1117Wx1400H-469581964-white-MODEL4_eY5xwPW.jpg	product_images/-1117Wx1400H-469581964-white-MODEL2_PTgrnF4.jpg	2024-08-08 14:41:50.483575+05:30	2024-08-08 14:41:50.484649+05:30	41
45	Black	product_images/-1117Wx1400H-469540382-black-MODEL.jpg	product_images/-1117Wx1400H-469540382-black-MODEL7.jpg	product_images/-1117Wx1400H-469540382-black-MODEL4.jpg	2024-08-08 15:22:39.345087+05:30	2024-08-08 15:22:39.345087+05:30	43
46	Black	product_images/-1117Wx1400H-469540388-black-MODEL.jpg	product_images/-1117Wx1400H-469540388-black-MODEL7.jpg	product_images/-1117Wx1400H-469540388-black-MODEL3.jpg	2024-08-08 15:25:13.020525+05:30	2024-08-08 15:25:13.020525+05:30	44
47	Purple	product_images/-1117Wx1400H-469612960-purple-MODEL.jpg	product_images/-1117Wx1400H-469612960-purple-MODEL5.jpg	product_images/-1117Wx1400H-469612960-purple-MODEL2.jpg	2024-08-08 15:49:30.690799+05:30	2024-08-08 15:49:30.690799+05:30	45
48	Blue	product_images/-1117Wx1400H-469286690-blue-MODEL.jpg	product_images/-1117Wx1400H-469286690-blue-MODEL7.jpg	product_images/-1117Wx1400H-469286690-blue-MODEL3.jpg	2024-08-08 15:51:33.803842+05:30	2024-08-08 15:51:33.803842+05:30	46
49	Rose	product_images/-1117Wx1400H-450142228-rose-MODEL.jpg	product_images/-1117Wx1400H-450142228-rose-MODEL5.jpg	product_images/-1117Wx1400H-450142228-rose-MODEL2.jpg	2024-08-08 15:53:46.928889+05:30	2024-08-08 15:53:46.928889+05:30	47
50	Brown	product_images/-1117Wx1400H-469340335-brown-MODEL.jpg	product_images/-1117Wx1400H-469340335-brown-MODEL5.jpg	product_images/-1117Wx1400H-469340335-brown-MODEL2.jpg	2024-08-08 16:11:43.260818+05:30	2024-08-08 16:11:43.260818+05:30	48
51	Grey	product_images/-1117Wx1400H-469216042-grey-MODEL.jpg	product_images/-1117Wx1400H-469216042-grey-MODEL4.jpg	product_images/-1117Wx1400H-469216042-grey-MODEL2.jpg	2024-08-08 16:14:16.941769+05:30	2024-08-08 16:14:16.941769+05:30	49
52	Brown	product_images/-1117Wx1400H-465140037-brown-MODEL.jpg	product_images/-1117Wx1400H-465140037-brown-MODEL3.jpg	product_images/-1117Wx1400H-465140037-brown-MODEL2.jpg	2024-08-08 16:16:09.390862+05:30	2024-08-08 16:16:09.390862+05:30	50
53	Brown	product_images/-1117Wx1400H-410302179-509-MODEL.jpg	product_images/-1117Wx1400H-410302179-509-MODEL4.jpg	product_images/-1117Wx1400H-410302179-509-MODEL2.jpg	2024-08-08 16:26:05.078315+05:30	2024-08-08 16:26:05.078315+05:30	51
54	Black	product_images/-1117Wx1400H-469610569-black-MODEL.jpg	product_images/-1117Wx1400H-469610569-black-MODEL4.jpg	product_images/-1117Wx1400H-469610569-black-MODEL2.jpg	2024-08-08 16:36:16.90267+05:30	2024-08-08 16:36:16.90267+05:30	52
55	Brown	product_images/-1117Wx1400H-469576814-olive-MODEL.jpg	product_images/-1117Wx1400H-469576814-olive-MODEL3.jpg	product_images/-1117Wx1400H-469576814-olive-MODEL2.jpg	2024-08-08 20:54:04.436575+05:30	2024-08-08 20:54:04.436575+05:30	53
57	White	product_images/-1117Wx1400H-464972575-white-MODEL2.jpg	product_images/-1117Wx1400H-464972575-white-MODEL4.jpg	product_images/-1117Wx1400H-464972575-white-MODEL.jpg	2024-08-13 21:21:52.69522+05:30	2024-08-13 21:21:52.69522+05:30	55
58	Black	product_images/-1117Wx1400H-466589131-black-MODEL2.jpg	product_images/-1117Wx1400H-466589131-black-MODEL4.jpg	product_images/-1117Wx1400H-466589131-black-MODEL.jpg	2024-08-13 21:22:57.395591+05:30	2024-08-13 21:23:09.549871+05:30	55
59	Black	product_images/-1117Wx1400H-467331509-black-MODEL4.jpg	product_images/-1117Wx1400H-467331509-black-MODEL6.jpg	product_images/-1117Wx1400H-467331509-black-MODEL.jpg	2024-08-13 21:32:47.910591+05:30	2024-08-13 21:32:47.910591+05:30	56
60	Pink	product_images/-1117Wx1400H-467331509-peach-MODEL2.jpg	product_images/-1117Wx1400H-467331509-peach-MODEL5.jpg	product_images/-1117Wx1400H-467331509-peach-MODEL.jpg	2024-08-13 21:33:46.52723+05:30	2024-08-13 21:33:46.52723+05:30	56
61	Black	product_images/-1117Wx1400H-467041015-blue-MODEL.jpg	product_images/-1117Wx1400H-467041015-blue-MODEL7.jpg	product_images/-1117Wx1400H-467041015-blue-MODEL2.jpg	2024-08-13 21:54:27.201591+05:30	2024-08-13 21:54:27.201591+05:30	57
68	Yellow	product_images/-1117Wx1400H-469349889-lime-MODEL2.jpg	product_images/-1117Wx1400H-469349889-lime-MODEL.jpg	product_images/-1117Wx1400H-469349889-lime-MODEL3.jpg	2024-08-17 18:21:05.054001+05:30	2024-08-17 18:21:12.972896+05:30	61
63	Blue	product_images/-1117Wx1400H-466537397-blue-MODEL.jpg	product_images/-1117Wx1400H-466537397-blue-MODEL3.jpg	product_images/-1117Wx1400H-466537397-blue-MODEL2.jpg	2024-08-13 21:57:14.246251+05:30	2024-08-13 21:57:14.246251+05:30	58
64	Blue	product_images/-1117Wx1400H-469541128-naturalindigo-MODEL.jpg	product_images/-1117Wx1400H-469541128-naturalindigo-MODEL3.jpg	product_images/-1117Wx1400H-469541128-naturalindigo-MODEL4.jpg	2024-08-14 15:57:56.208497+05:30	2024-08-14 15:57:56.208497+05:30	59
43	Green	product_images/-1117Wx1400H-469581962-green-MODEL_xQ49Dta.jpg	product_images/-1117Wx1400H-469581962-green-MODEL4_bIgUO96.jpg	product_images/-1117Wx1400H-469581962-green-MODEL2_jLkSqZW.jpg	2024-08-08 14:42:29.395817+05:30	2024-08-15 16:01:38.196131+05:30	41
69	Black	product_images/-1117Wx1400H-466652871-black-MODEL.jpg	product_images/-1117Wx1400H-466652871-black-MODEL7.jpg	product_images/-1117Wx1400H-466652871-black-MODEL3.jpg	2024-08-17 18:28:43.336127+05:30	2024-08-17 18:28:43.336127+05:30	62
62	Brown	product_images/-1117Wx1400H-467049421-brown-MODEL.jpg	product_images/-1117Wx1400H-467049421-brown-MODEL6.jpg	product_images/-1117Wx1400H-467049421-brown-MODEL2.jpg	2024-08-13 21:55:11.723089+05:30	2024-08-16 18:29:48.945485+05:30	57
56	Red	product_images/-1117Wx1400H-700191562-red-MODEL.jpg	product_images/-1117Wx1400H-700191562-red-MODEL4.jpg	product_images/-1117Wx1400H-700191562-red-MODEL3.jpg	2024-08-13 21:20:06.404709+05:30	2024-08-16 20:39:55.337635+05:30	54
65	Blue	product_images/-1117Wx1400H-467253892-blue-MODEL.jpg	product_images/-1117Wx1400H-467253892-blue-MODEL4.jpg	product_images/-1117Wx1400H-467253892-blue-MODEL3.jpg	2024-08-17 18:04:33.074099+05:30	2024-08-17 18:04:33.074099+05:30	60
66	Red	product_images/-1117Wx1400H-700111768-red-MODEL.jpg	product_images/-1117Wx1400H-700111768-red-MODEL5.jpg	product_images/-1117Wx1400H-700111768-red-MODEL2.jpg	2024-08-17 18:05:24.694986+05:30	2024-08-17 18:05:46.856494+05:30	60
67	Green	product_images/-1117Wx1400H-469349889-green-MODEL2.jpg	product_images/-1117Wx1400H-469349889-green-MODEL.jpg	product_images/-1117Wx1400H-469349889-green-MODEL3.jpg	2024-08-17 18:19:34.562198+05:30	2024-08-17 18:19:34.562198+05:30	61
70	Brown	product_images/-1117Wx1400H-466652871-tan-MODEL2.jpg	product_images/-1117Wx1400H-466652871-tan-MODEL4.jpg	product_images/-1117Wx1400H-466652871-tan-MODEL.jpg	2024-08-17 18:31:40.849557+05:30	2024-08-17 18:32:30.799187+05:30	62
71	Grey	product_images/-1117Wx1400H-466652871-blue-MODEL2.jpg	product_images/-1117Wx1400H-466652871-blue-MODEL5.jpg	product_images/-1117Wx1400H-466652871-blue-MODEL3.jpg	2024-08-17 18:32:23.693006+05:30	2024-08-17 18:32:35.791489+05:30	62
72	Pink	product_images/-1117Wx1400H-469420443-mauve-MODEL.jpg	product_images/-1117Wx1400H-469420443-mauve-MODEL4.jpg	product_images/-1117Wx1400H-469420443-mauve-MODEL2.jpg	2024-08-17 18:44:04.288287+05:30	2024-08-17 18:44:04.288287+05:30	63
73	Red	product_images/-1117Wx1400H-469420445-red-MODEL.jpg	product_images/-1117Wx1400H-469420445-red-MODEL3.jpg	product_images/-1117Wx1400H-469420445-red-MODEL2.jpg	2024-08-17 18:45:01.618727+05:30	2024-08-17 18:45:06.213431+05:30	63
74	Brown	product_images/-1117Wx1400H-700118311-brown-MODEL.jpg	product_images/-1117Wx1400H-700118311-brown-MODEL5.jpg	product_images/-1117Wx1400H-700118311-brown-MODEL4.jpg	2024-08-17 18:48:49.232614+05:30	2024-08-17 18:48:49.232614+05:30	64
75	Blue	product_images/-1117Wx1400H-467273513-blue-MODEL.jpg	product_images/-1117Wx1400H-467273513-blue-MODEL6.jpg	product_images/-1117Wx1400H-467273513-blue-MODEL3.jpg	2024-08-17 18:51:49.770752+05:30	2024-08-17 18:51:49.770752+05:30	65
76	Black	product_images/-1117Wx1400H-700005805-black-MODEL3.jpg	product_images/-1117Wx1400H-700005805-black-MODEL2.jpg	product_images/-1117Wx1400H-700005805-black-MODEL.jpg	2024-08-17 18:58:55.092105+05:30	2024-08-17 18:58:55.092105+05:30	66
\.


--
-- Data for Name: product_app_productsize; Type: TABLE DATA; Schema: public; Owner: postgres
--

COPY public.product_app_productsize (id, size, quantity, created_at, updated_at, product_data_id) FROM stdin;
78	7	16	2024-08-13 21:21:52.701211+05:30	2024-08-13 21:21:52.701211+05:30	57
79	6	9	2024-08-13 21:22:57.411594+05:30	2024-08-13 21:23:09.534969+05:30	58
80	8	5	2024-08-13 21:23:17.649134+05:30	2024-08-13 21:23:17.649134+05:30	57
81	9	5	2024-08-13 21:23:24.585409+05:30	2024-08-13 21:23:24.585409+05:30	57
82	9	6	2024-08-13 21:23:31.893938+05:30	2024-08-13 21:23:31.893938+05:30	58
83	7	5	2024-08-13 21:23:38.259974+05:30	2024-08-13 21:23:38.259974+05:30	58
85	6	0	2024-08-13 21:33:46.533226+05:30	2024-08-13 21:33:46.533226+05:30	60
34	10	0	2024-07-15 21:11:56.363501+05:30	2024-08-17 19:19:01.971018+05:30	6
6	8	10	2024-07-12 18:39:32.834971+05:30	2024-08-17 19:19:01.986826+05:30	6
59	8	12	2024-08-08 14:41:50.489644+05:30	2024-08-08 14:41:50.489644+05:30	42
91	6	9	2024-08-14 23:24:07.681587+05:30	2024-08-14 23:24:07.681587+05:30	54
93	10	12	2024-08-14 23:24:28.190725+05:30	2024-08-14 23:24:28.190725+05:30	54
92	9	10	2024-08-14 23:24:18.12115+05:30	2024-08-14 23:25:06.835511+05:30	54
33	9	8	2024-07-15 21:10:37.260173+05:30	2024-08-17 19:19:01.990765+05:30	6
86	8	12	2024-08-13 21:54:27.206599+05:30	2024-08-15 11:34:51.945532+05:30	61
131	6	5	2024-08-17 19:22:07.374395+05:30	2024-08-17 19:22:14.149575+05:30	81
73	9	14	2024-08-08 16:16:09.394866+05:30	2024-08-15 14:49:48.531709+05:30	52
84	8	15	2024-08-13 21:32:47.916598+05:30	2024-08-15 14:50:38.458277+05:30	59
132	8	10	2024-08-17 19:22:21.280619+05:30	2024-08-17 19:22:21.280619+05:30	81
60	6	0	2024-08-08 14:42:29.402365+05:30	2024-08-15 16:01:38.17756+05:30	43
62	8	0	2024-08-08 14:42:45.716532+05:30	2024-08-15 16:01:38.192137+05:30	43
61	9	7	2024-08-08 14:42:38.874995+05:30	2024-08-15 16:01:38.195131+05:30	43
90	8	15	2024-08-14 15:57:56.216562+05:30	2024-08-15 19:53:22.255799+05:30	64
133	9	7	2024-08-17 19:22:29.80866+05:30	2024-08-17 19:22:29.80866+05:30	81
134	8	14	2024-08-17 19:30:16.112868+05:30	2024-08-17 19:30:16.112868+05:30	82
63	9	7	2024-08-08 14:42:54.363419+05:30	2024-08-08 14:42:54.363419+05:30	42
135	8	14	2024-08-17 19:35:58.324772+05:30	2024-08-17 19:35:58.324772+05:30	83
136	6	0	2024-08-17 19:36:56.128242+05:30	2024-08-17 19:36:56.128242+05:30	84
64	10	8	2024-08-08 14:43:04.520197+05:30	2024-08-08 14:43:04.520197+05:30	42
87	6	6	2024-08-13 21:55:11.737599+05:30	2024-08-16 18:29:48.928393+05:30	62
88	8	4	2024-08-13 21:55:19.082955+05:30	2024-08-16 18:29:48.94348+05:30	62
89	8	11	2024-08-13 21:57:14.250254+05:30	2024-08-16 18:30:07.255819+05:30	63
72	8	16	2024-08-08 16:14:16.946757+05:30	2024-08-08 16:14:16.946757+05:30	51
77	8	0	2024-08-13 21:20:06.410955+05:30	2024-08-16 20:39:55.333545+05:30	56
94	8	14	2024-08-17 18:04:33.0811+05:30	2024-08-17 18:04:33.0811+05:30	65
95	6	5	2024-08-17 18:05:24.70009+05:30	2024-08-17 18:05:46.840826+05:30	66
96	8	4	2024-08-17 18:05:36.564297+05:30	2024-08-17 18:05:46.85449+05:30	66
67	8	14	2024-08-08 15:25:13.02629+05:30	2024-08-08 17:48:01.140886+05:30	46
137	8	10	2024-08-17 19:37:02.44074+05:30	2024-08-17 19:37:02.44074+05:30	84
97	9	11	2024-08-17 18:05:59.753306+05:30	2024-08-17 18:05:59.753306+05:30	65
98	8	14	2024-08-17 18:19:34.567131+05:30	2024-08-17 18:19:34.567131+05:30	67
99	6	11	2024-08-17 18:21:05.068485+05:30	2024-08-17 18:21:12.959887+05:30	68
100	9	7	2024-08-17 18:21:19.617388+05:30	2024-08-17 18:21:19.617388+05:30	68
101	8	6	2024-08-17 18:21:25.64023+05:30	2024-08-17 18:21:25.64023+05:30	68
102	7	11	2024-08-17 18:21:34.152807+05:30	2024-08-17 18:21:34.152807+05:30	67
103	9	9	2024-08-17 18:21:41.336145+05:30	2024-08-17 18:21:41.336145+05:30	67
104	8	13	2024-08-17 18:28:43.340234+05:30	2024-08-17 18:28:43.340234+05:30	69
105	6	15	2024-08-17 18:31:40.863265+05:30	2024-08-17 18:32:30.786439+05:30	70
106	6	6	2024-08-17 18:32:23.705163+05:30	2024-08-17 18:32:35.780421+05:30	71
107	8	5	2024-08-17 18:32:41.647197+05:30	2024-08-17 18:32:41.647197+05:30	70
108	7	11	2024-08-17 18:32:47.917525+05:30	2024-08-17 18:32:47.917525+05:30	69
109	9	12	2024-08-17 18:32:54.512109+05:30	2024-08-17 18:32:54.512109+05:30	71
110	10	14	2024-08-17 18:33:00.234908+05:30	2024-08-17 18:33:00.234908+05:30	69
111	8	11	2024-08-17 18:33:08.091818+05:30	2024-08-17 18:33:08.091818+05:30	71
112	10	8	2024-08-17 18:33:14.925834+05:30	2024-08-17 18:33:14.925834+05:30	70
113	8	14	2024-08-17 18:44:04.29329+05:30	2024-08-17 18:44:04.29329+05:30	72
114	6	0	2024-08-17 18:45:01.632583+05:30	2024-08-17 18:45:06.20192+05:30	73
74	8	14	2024-08-08 16:26:05.085313+05:30	2024-08-11 17:11:49.444595+05:30	53
116	9	8	2024-08-17 18:45:18.009287+05:30	2024-08-17 18:45:18.009287+05:30	73
117	7	6	2024-08-17 18:45:28.40004+05:30	2024-08-17 18:45:28.40004+05:30	72
118	8	15	2024-08-17 18:48:49.236614+05:30	2024-08-17 18:48:49.236614+05:30	74
119	8	16	2024-08-17 18:51:49.774762+05:30	2024-08-17 18:51:49.774762+05:30	75
120	8	12	2024-08-17 18:58:55.097112+05:30	2024-08-17 18:58:55.097112+05:30	76
121	6	0	2024-08-17 19:00:04.820819+05:30	2024-08-17 19:00:04.820819+05:30	77
122	9	5	2024-08-17 19:00:11.202668+05:30	2024-08-17 19:00:11.202668+05:30	77
123	8	6	2024-08-17 19:00:17.310913+05:30	2024-08-17 19:00:17.310913+05:30	77
76	8	19	2024-08-08 20:54:04.443584+05:30	2024-08-12 21:19:08.065704+05:30	55
124	9	8	2024-08-17 19:00:23.424157+05:30	2024-08-17 19:00:23.424157+05:30	76
69	8	12	2024-08-08 15:51:33.808892+05:30	2024-08-13 11:58:44.560703+05:30	48
70	8	12	2024-08-08 15:53:46.932893+05:30	2024-08-13 12:59:20.188838+05:30	49
66	9	13	2024-08-08 15:22:39.350094+05:30	2024-08-13 16:42:47.512047+05:30	45
75	8	10	2024-08-08 16:36:16.907733+05:30	2024-08-13 16:56:59.466904+05:30	54
125	8	12	2024-08-17 19:06:19.955862+05:30	2024-08-17 19:06:19.955862+05:30	78
138	9	11	2024-08-17 19:37:08.526774+05:30	2024-08-17 19:37:08.526774+05:30	83
126	8	13	2024-08-17 19:12:07.859475+05:30	2024-08-17 19:12:07.859475+05:30	79
127	6	0	2024-08-17 19:12:59.425295+05:30	2024-08-17 19:12:59.425295+05:30	80
128	8	6	2024-08-17 19:13:06.059436+05:30	2024-08-17 19:13:06.059436+05:30	80
71	8	12	2024-08-08 16:11:43.264813+05:30	2024-08-13 18:24:25.458624+05:30	50
68	8	11	2024-08-08 15:49:30.6948+05:30	2024-08-13 18:47:39.190882+05:30	47
139	9	13	2024-08-17 19:37:15.136673+05:30	2024-08-17 19:37:15.136673+05:30	84
141	6	0	2024-08-17 19:43:34.206798+05:30	2024-08-17 19:43:34.206798+05:30	86
8	9	12	2024-07-12 18:53:02.97022+05:30	2024-08-13 20:48:44.755157+05:30	8
130	9	9	2024-08-17 19:13:19.366484+05:30	2024-08-17 19:13:19.366484+05:30	80
143	9	13	2024-08-17 19:43:46.651377+05:30	2024-08-17 19:43:46.651377+05:30	86
146	7	14	2024-08-17 19:44:03.750001+05:30	2024-08-17 19:44:03.750001+05:30	85
7	9	8	2024-07-12 18:41:49.130814+05:30	2024-08-19 12:27:19.91572+05:30	7
142	8	5	2024-08-17 19:43:40.392724+05:30	2024-08-20 14:00:13.768314+05:30	86
115	8	5	2024-08-17 18:45:11.980055+05:30	2024-08-21 09:11:46.808474+05:30	73
145	9	15	2024-08-17 19:43:57.848204+05:30	2024-08-21 09:17:17.355142+05:30	85
144	10	11	2024-08-17 19:43:52.304963+05:30	2024-08-21 09:17:48.159127+05:30	86
129	10	7	2024-08-17 19:13:12.132775+05:30	2024-08-21 09:28:53.182224+05:30	79
140	8	14	2024-08-17 19:42:24.635319+05:30	2024-08-21 09:37:03.540033+05:30	85
\.


--
-- Data for Name: socialaccount_socialaccount; Type: TABLE DATA; Schema: public; Owner: postgres
--

COPY public.socialaccount_socialaccount (id, provider, uid, last_login, date_joined, extra_data, user_id) FROM stdin;
1	google	100403250942872709855	2024-07-10 12:34:07.627851+05:30	2024-07-10 12:34:07.627851+05:30	{"aud": "523162547800-p3t55gv2ngupo45nks42viv763dfro67.apps.googleusercontent.com", "azp": "523162547800-p3t55gv2ngupo45nks42viv763dfro67.apps.googleusercontent.com", "exp": 1720598654, "iat": 1720595054, "iss": "https://accounts.google.com", "sub": "100403250942872709855", "name": "Sidharth C", "email": "sidharthsidhu452@gmail.com", "at_hash": "xdN4CjADV9mV7q7uYsGv_w", "picture": "https://lh3.googleusercontent.com/a/ACg8ocIaPTnA59U_zZk514819jI-g2Acb5F5cWILgz0gIsv8YJBtsvci=s96-c", "given_name": "Sidharth", "family_name": "C", "email_verified": true}	2
2	google	101878158132296525909	2024-08-17 12:39:18.695407+05:30	2024-08-17 12:39:18.695407+05:30	{"aud": "523162547800-p3t55gv2ngupo45nks42viv763dfro67.apps.googleusercontent.com", "azp": "523162547800-p3t55gv2ngupo45nks42viv763dfro67.apps.googleusercontent.com", "exp": 1723882182, "iat": 1723878582, "iss": "https://accounts.google.com", "sub": "101878158132296525909", "name": "Sidharth C", "email": "sidharthchirathazha@gmail.com", "at_hash": "fD9Yy9Tl8gtgTEqpRktBSg", "picture": "https://lh3.googleusercontent.com/a/ACg8ocLPBrKUtmzi-OMTCFjOeBAe2doaQ2kmBb2xUZJ6SaRprRTY2A7Z=s96-c", "given_name": "Sidharth", "family_name": "C", "email_verified": true}	15
\.


--
-- Data for Name: socialaccount_socialapp; Type: TABLE DATA; Schema: public; Owner: postgres
--

COPY public.socialaccount_socialapp (id, provider, name, client_id, secret, key, provider_id, settings) FROM stdin;
1	google	google	523162547800-p3t55gv2ngupo45nks42viv763dfro67.apps.googleusercontent.com	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			{}
\.


--
-- Data for Name: socialaccount_socialapp_sites; Type: TABLE DATA; Schema: public; Owner: postgres
--

COPY public.socialaccount_socialapp_sites (id, socialapp_id, site_id) FROM stdin;
2	1	2
\.


--
-- Data for Name: socialaccount_socialtoken; Type: TABLE DATA; Schema: public; Owner: postgres
--

COPY public.socialaccount_socialtoken (id, token, token_secret, expires_at, account_id, app_id) FROM stdin;
\.


--
-- Data for Name: user_customuser; Type: TABLE DATA; Schema: public; Owner: postgres
--

COPY public.user_customuser (id, password, last_login, is_superuser, username, first_name, last_name, email, is_staff, is_active, date_joined, phone_number, date_of_birth, gender, referral_code, referred_by_id) FROM stdin;
2	!33lmX0h88mkY71M2AmHEYJbtrH0qrXu6SwLzqsd9	2024-07-10 12:34:07.645927+05:30	f	sidharth8	Sidharth	C	sidharthsidhu452@gmail.com	f	t	2024-07-10 12:34:07.587352+05:30	\N	\N	\N	\N	\N
22	pbkdf2_sha256$720000$ActgA4bqO7N4q7dpwlrTji$M6QSd/Z1muxis4z6FJHWc46eQtK+xmJ52TRsFoPqLnQ=	\N	f	rohit123	Rohit	Das	cesina8282@givehit.com	f	t	2024-08-19 17:54:52.558505+05:30	8976453245	2002-07-19	M	DG1135	16
7	pbkdf2_sha256$720000$YFKoQNljGnz9UXBsmwlNz9$xtzoduu4k0kOf0RDfcaSZPBFWkHjITZyKdBIi0RZAh4=	2024-08-20 18:25:44.163405+05:30	f	harilal123	Harilal  	P	jobatet166@padvn.com	f	t	2024-07-19 14:25:02.128532+05:30	9878675678	2006-02-21	M	DG7011	\N
17	pbkdf2_sha256$720000$yiNj0MVPTVRYBRGst3JJHM$XfSsIHX9ATUEUcNNOdjAW9u8vVYv4oIxSXF6Jhi5hpA=	2024-08-19 12:18:27.187422+05:30	f	dilshad	Dilshad	C	diluhd999@gmail.com	f	t	2024-08-19 12:18:03.903388+05:30	7559909795	2014-08-12	M	DG0262	\N
8	pbkdf2_sha256$720000$yBNM43AKhAMksSJDBov4hm$egKqzI7XNKNQAgbPd09Sk06yEMVzIoV/bhAS29DxH48=	2024-08-21 09:11:13.557025+05:30	f	akhil123	Akhil	M	fohak93120@modotso.com	f	t	2024-07-19 14:27:07.232636+05:30	7890876789	2000-03-05	M	\N	\N
6	pbkdf2_sha256$720000$uuuQ8nsRyzD50GiwfmZrNh$yaAWuY52pa9ylgHEUqq2tyZMxULAW+D5dY7GsB7rX44=	2024-08-21 09:29:23.621352+05:30	t	sidharth				t	t	2024-07-19 14:19:51.063043+05:30	\N	\N	\N	\N	\N
16	pbkdf2_sha256$720000$pjMyCPlmoQPDxfF4GSfvWW$o1pxrfiYK31g30LJQ94nLYqTrXbI5SaeV6345jOksAQ=	2024-08-21 09:36:45.582533+05:30	f	swathi123	Swathi	C	weteme5754@givehit.com	f	t	2024-08-18 15:14:31.876198+05:30	8907654567	1995-06-22	F	DG1638	\N
12	pbkdf2_sha256$720000$M32mFuVPuUPofkejjyzr02$zOY1v/rVahaByMEZmj/U7MGQLYNkgtFYVWN7sggNWQU=	2024-08-12 19:54:43.446251+05:30	f	shamin123	Shamin	N	mepeb52924@mvpalace.com	f	t	2024-08-12 19:54:28.802958+05:30	8456745609	1997-05-09	M	DG4275	\N
14	pbkdf2_sha256$720000$hmhHFHuiomHx8eYLE8EsfG$UoXyyGPv9yZUoZDVcugisKQ8zRcP+ZLpzkOhGDhJ5yg=	2024-08-16 12:40:50.774422+05:30	f	vinayak123	Vinakayak	E	dibey96350@iteradev.com	f	t	2024-08-16 12:40:36.185271+05:30	6789098778	2012-08-02	M	DG0514	\N
9	pbkdf2_sha256$720000$WTaslrgph1vLSrRIpLapDw$WhtdeZko67tji15S32P5lo1VeiAsazNrRZ4LbjkhC28=	2024-08-16 18:06:16.77693+05:30	f	abhishek123	Abhishek	T K	dojom38283@luvnish.com	f	t	2024-08-12 19:44:37.247409+05:30	8976564567	1996-08-01	M	DG1308	\N
15	!UTohfq6rp1h4JA8haVWXL2WikBOantM6rhYxJWOH	2024-08-17 12:39:18.716341+05:30	f	sidharth2	Sidharth	C	sidharthchirathazha@gmail.com	f	t	2024-08-17 12:39:18.646603+05:30	\N	\N	\N	DG6120	\N
\.


--
-- Data for Name: user_customuser_groups; Type: TABLE DATA; Schema: public; Owner: postgres
--

COPY public.user_customuser_groups (id, customuser_id, group_id) FROM stdin;
\.


--
-- Data for Name: user_customuser_user_permissions; Type: TABLE DATA; Schema: public; Owner: postgres
--

COPY public.user_customuser_user_permissions (id, customuser_id, permission_id) FROM stdin;
\.


--
-- Data for Name: wallet_app_wallet; Type: TABLE DATA; Schema: public; Owner: postgres
--

COPY public.wallet_app_wallet (id, balance, last_updated, user_id) FROM stdin;
2	0.00	2024-08-11 17:10:02.924734+05:30	6
1	27781.68	2024-08-11 17:11:49.447591+05:30	7
3	0.00	2024-08-12 17:47:46.634472+05:30	8
6	0.00	2024-08-12 19:54:29.58031+05:30	12
8	0.00	2024-08-16 12:40:36.638893+05:30	14
4	100.00	2024-08-16 12:40:36.645895+05:30	9
9	0.00	2024-08-17 13:32:36.454846+05:30	15
11	3709.20	2024-08-19 15:57:22.955793+05:30	17
15	0.00	2024-08-19 17:54:53.130363+05:30	22
10	100.00	2024-08-19 17:54:53.135183+05:30	16
\.


--
-- Data for Name: wallet_app_wallettransaction; Type: TABLE DATA; Schema: public; Owner: postgres
--

COPY public.wallet_app_wallettransaction (id, transaction_type, amount, "timestamp", description, wallet_id) FROM stdin;
1	debit	2500.00	2024-07-31 20:26:50.761085+05:30	purchase	1
2	debit	2500.00	2024-07-31 20:34:20.93038+05:30	purchase	1
3	debit	2500.00	2024-07-31 20:43:24.635829+05:30	purchase	1
4	debit	4500.00	2024-07-31 20:59:58.396135+05:30	purchase	1
5	credit	4500.00	2024-07-31 21:51:13.529142+05:30	cancellation	1
6	credit	2500.00	2024-08-01 12:15:09.933041+05:30	return	1
7	credit	3545.46	2024-08-03 18:09:02.270581+05:30	return	1
8	debit	4219.20	2024-08-03 20:36:20.292777+05:30	purchase	1
9	debit	4719.20	2024-08-04 21:14:05.391172+05:30	purchase	1
10	debit	4219.20	2024-08-05 10:49:21.477986+05:30	purchase	1
11	credit	4719.20	2024-08-06 09:24:09.063214+05:30	cancellation	1
12	credit	4719.20	2024-08-06 12:11:45.091769+05:30	return	1
13	debit	4219.20	2024-08-06 12:14:28.546008+05:30	purchase	1
14	debit	4219.20	2024-08-06 12:20:48.379904+05:30	purchase	1
15	credit	4702.88	2024-08-08 17:53:04.671289+05:30	return	1
16	credit	4499.00	2024-08-09 19:23:22.141581+05:30	cancellation	1
17	credit	7349.00	2024-08-09 19:23:32.296813+05:30	cancellation	1
18	debit	3999.00	2024-08-11 16:39:31.617323+05:30	purchase	1
19	credit	9450.00	2024-08-11 16:42:40.354373+05:30	return	1
20	credit	3999.00	2024-08-11 17:11:49.44959+05:30	return	1
21	credit	50.00	2024-08-12 19:54:29.591305+05:30	referral	4
24	credit	50.00	2024-08-16 12:40:36.648907+05:30	referral	4
25	credit	3659.20	2024-08-19 12:27:19.92164+05:30	return	11
26	credit	50.00	2024-08-19 15:52:16.470716+05:30	referral	10
27	credit	50.00	2024-08-19 15:57:22.956806+05:30	referral	11
28	credit	50.00	2024-08-19 17:54:53.136183+05:30	referral	10
\.


--
-- Name: account_app_address_id_seq; Type: SEQUENCE SET; Schema: public; Owner: postgres
--

SELECT pg_catalog.setval('public.account_app_address_id_seq', 11, true);


--
-- Name: account_emailaddress_id_seq; Type: SEQUENCE SET; Schema: public; Owner: postgres
--

SELECT pg_catalog.setval('public.account_emailaddress_id_seq', 2, true);


--
-- Name: account_emailconfirmation_id_seq; Type: SEQUENCE SET; Schema: public; Owner: postgres
--

SELECT pg_catalog.setval('public.account_emailconfirmation_id_seq', 1, false);


--
-- Name: auth_group_id_seq; Type: SEQUENCE SET; Schema: public; Owner: postgres
--

SELECT pg_catalog.setval('public.auth_group_id_seq', 1, false);


--
-- Name: auth_group_permissions_id_seq; Type: SEQUENCE SET; Schema: public; Owner: postgres
--

SELECT pg_catalog.setval('public.auth_group_permissions_id_seq', 1, false);


--
-- Name: auth_permission_id_seq; Type: SEQUENCE SET; Schema: public; Owner: postgres
--

SELECT pg_catalog.setval('public.auth_permission_id_seq', 108, true);


--
-- Name: cart_app_cart_id_seq; Type: SEQUENCE SET; Schema: public; Owner: postgres
--

SELECT pg_catalog.setval('public.cart_app_cart_id_seq', 10, true);


--
-- Name: cart_app_cartitem_id_seq; Type: SEQUENCE SET; Schema: public; Owner: postgres
--

SELECT pg_catalog.setval('public.cart_app_cartitem_id_seq', 194, true);


--
-- Name: cart_app_wishlist_id_seq; Type: SEQUENCE SET; Schema: public; Owner: postgres
--

SELECT pg_catalog.setval('public.cart_app_wishlist_id_seq', 19, true);


--
-- Name: category_app_category_id_seq; Type: SEQUENCE SET; Schema: public; Owner: postgres
--

SELECT pg_catalog.setval('public.category_app_category_id_seq', 3, true);


--
-- Name: category_app_subcategory_id_seq; Type: SEQUENCE SET; Schema: public; Owner: postgres
--

SELECT pg_catalog.setval('public.category_app_subcategory_id_seq', 5, true);


--
-- Name: coupon_app_coupons_id_seq; Type: SEQUENCE SET; Schema: public; Owner: postgres
--

SELECT pg_catalog.setval('public.coupon_app_coupons_id_seq', 9, true);


--
-- Name: django_admin_log_id_seq; Type: SEQUENCE SET; Schema: public; Owner: postgres
--

SELECT pg_catalog.setval('public.django_admin_log_id_seq', 278, true);


--
-- Name: django_content_type_id_seq; Type: SEQUENCE SET; Schema: public; Owner: postgres
--

SELECT pg_catalog.setval('public.django_content_type_id_seq', 27, true);


--
-- Name: django_migrations_id_seq; Type: SEQUENCE SET; Schema: public; Owner: postgres
--

SELECT pg_catalog.setval('public.django_migrations_id_seq', 94, true);


--
-- Name: django_site_id_seq; Type: SEQUENCE SET; Schema: public; Owner: postgres
--

SELECT pg_catalog.setval('public.django_site_id_seq', 3, true);


--
-- Name: offer_app_offer_id_seq; Type: SEQUENCE SET; Schema: public; Owner: postgres
--

SELECT pg_catalog.setval('public.offer_app_offer_id_seq', 17, true);


--
-- Name: order_app_order_id_seq; Type: SEQUENCE SET; Schema: public; Owner: postgres
--

SELECT pg_catalog.setval('public.order_app_order_id_seq', 144, true);


--
-- Name: order_app_orderitem_id_seq; Type: SEQUENCE SET; Schema: public; Owner: postgres
--

SELECT pg_catalog.setval('public.order_app_orderitem_id_seq', 139, true);


--
-- Name: product_app_product_id_seq; Type: SEQUENCE SET; Schema: public; Owner: postgres
--

SELECT pg_catalog.setval('public.product_app_product_id_seq', 71, true);


--
-- Name: product_app_productcolorimage_id_seq; Type: SEQUENCE SET; Schema: public; Owner: postgres
--

SELECT pg_catalog.setval('public.product_app_productcolorimage_id_seq', 86, true);


--
-- Name: product_app_productsize_id_seq; Type: SEQUENCE SET; Schema: public; Owner: postgres
--

SELECT pg_catalog.setval('public.product_app_productsize_id_seq', 146, true);


--
-- Name: socialaccount_socialaccount_id_seq; Type: SEQUENCE SET; Schema: public; Owner: postgres
--

SELECT pg_catalog.setval('public.socialaccount_socialaccount_id_seq', 2, true);


--
-- Name: socialaccount_socialapp_id_seq; Type: SEQUENCE SET; Schema: public; Owner: postgres
--

SELECT pg_catalog.setval('public.socialaccount_socialapp_id_seq', 1, true);


--
-- Name: socialaccount_socialapp_sites_id_seq; Type: SEQUENCE SET; Schema: public; Owner: postgres
--

SELECT pg_catalog.setval('public.socialaccount_socialapp_sites_id_seq', 2, true);


--
-- Name: socialaccount_socialtoken_id_seq; Type: SEQUENCE SET; Schema: public; Owner: postgres
--

SELECT pg_catalog.setval('public.socialaccount_socialtoken_id_seq', 1, false);


--
-- Name: user_customuser_groups_id_seq; Type: SEQUENCE SET; Schema: public; Owner: postgres
--

SELECT pg_catalog.setval('public.user_customuser_groups_id_seq', 1, false);


--
-- Name: user_customuser_id_seq; Type: SEQUENCE SET; Schema: public; Owner: postgres
--

SELECT pg_catalog.setval('public.user_customuser_id_seq', 22, true);


--
-- Name: user_customuser_user_permissions_id_seq; Type: SEQUENCE SET; Schema: public; Owner: postgres
--

SELECT pg_catalog.setval('public.user_customuser_user_permissions_id_seq', 1, false);


--
-- Name: wallet_app_wallet_id_seq; Type: SEQUENCE SET; Schema: public; Owner: postgres
--

SELECT pg_catalog.setval('public.wallet_app_wallet_id_seq', 15, true);


--
-- Name: wallet_app_wallettransaction_id_seq; Type: SEQUENCE SET; Schema: public; Owner: postgres
--

SELECT pg_catalog.setval('public.wallet_app_wallettransaction_id_seq', 28, true);


--
-- Name: account_app_address account_app_address_pkey; Type: CONSTRAINT; Schema: public; Owner: postgres
--

ALTER TABLE ONLY public.account_app_address
    ADD CONSTRAINT account_app_address_pkey PRIMARY KEY (id);


--
-- Name: account_emailaddress account_emailaddress_pkey; Type: CONSTRAINT; Schema: public; Owner: postgres
--

ALTER TABLE ONLY public.account_emailaddress
    ADD CONSTRAINT account_emailaddress_pkey PRIMARY KEY (id);


--
-- Name: account_emailaddress account_emailaddress_user_id_email_987c8728_uniq; Type: CONSTRAINT; Schema: public; Owner: postgres
--

ALTER TABLE ONLY public.account_emailaddress
    ADD CONSTRAINT account_emailaddress_user_id_email_987c8728_uniq UNIQUE (user_id, email);


--
-- Name: account_emailconfirmation account_emailconfirmation_key_key; Type: CONSTRAINT; Schema: public; Owner: postgres
--

ALTER TABLE ONLY public.account_emailconfirmation
    ADD CONSTRAINT account_emailconfirmation_key_key UNIQUE (key);


--
-- Name: account_emailconfirmation account_emailconfirmation_pkey; Type: CONSTRAINT; Schema: public; Owner: postgres
--

ALTER TABLE ONLY public.account_emailconfirmation
    ADD CONSTRAINT account_emailconfirmation_pkey PRIMARY KEY (id);


--
-- Name: auth_group auth_group_name_key; Type: CONSTRAINT; Schema: public; Owner: postgres
--

ALTER TABLE ONLY public.auth_group
    ADD CONSTRAINT auth_group_name_key UNIQUE (name);


--
-- Name: auth_group_permissions auth_group_permissions_group_id_permission_id_0cd325b0_uniq; Type: CONSTRAINT; Schema: public; Owner: postgres
--

ALTER TABLE ONLY public.auth_group_permissions
    ADD CONSTRAINT auth_group_permissions_group_id_permission_id_0cd325b0_uniq UNIQUE (group_id, permission_id);


--
-- Name: auth_group_permissions auth_group_permissions_pkey; Type: CONSTRAINT; Schema: public; Owner: postgres
--

ALTER TABLE ONLY public.auth_group_permissions
    ADD CONSTRAINT auth_group_permissions_pkey PRIMARY KEY (id);


--
-- Name: auth_group auth_group_pkey; Type: CONSTRAINT; Schema: public; Owner: postgres
--

ALTER TABLE ONLY public.auth_group
    ADD CONSTRAINT auth_group_pkey PRIMARY KEY (id);


--
-- Name: auth_permission auth_permission_content_type_id_codename_01ab375a_uniq; Type: CONSTRAINT; Schema: public; Owner: postgres
--

ALTER TABLE ONLY public.auth_permission
    ADD CONSTRAINT auth_permission_content_type_id_codename_01ab375a_uniq UNIQUE (content_type_id, codename);


--
-- Name: auth_permission auth_permission_pkey; Type: CONSTRAINT; Schema: public; Owner: postgres
--

ALTER TABLE ONLY public.auth_permission
    ADD CONSTRAINT auth_permission_pkey PRIMARY KEY (id);


--
-- Name: cart_app_cart cart_app_cart_pkey; Type: CONSTRAINT; Schema: public; Owner: postgres
--

ALTER TABLE ONLY public.cart_app_cart
    ADD CONSTRAINT cart_app_cart_pkey PRIMARY KEY (id);


--
-- Name: cart_app_cart cart_app_cart_user_id_key; Type: CONSTRAINT; Schema: public; Owner: postgres
--

ALTER TABLE ONLY public.cart_app_cart
    ADD CONSTRAINT cart_app_cart_user_id_key UNIQUE (user_id);


--
-- Name: cart_app_cartitem cart_app_cartitem_pkey; Type: CONSTRAINT; Schema: public; Owner: postgres
--

ALTER TABLE ONLY public.cart_app_cartitem
    ADD CONSTRAINT cart_app_cartitem_pkey PRIMARY KEY (id);


--
-- Name: cart_app_wishlist cart_app_wishlist_pkey; Type: CONSTRAINT; Schema: public; Owner: postgres
--

ALTER TABLE ONLY public.cart_app_wishlist
    ADD CONSTRAINT cart_app_wishlist_pkey PRIMARY KEY (id);


--
-- Name: cart_app_wishlist cart_app_wishlist_user_id_product_variant_id_df208223_uniq; Type: CONSTRAINT; Schema: public; Owner: postgres
--

ALTER TABLE ONLY public.cart_app_wishlist
    ADD CONSTRAINT cart_app_wishlist_user_id_product_variant_id_df208223_uniq UNIQUE (user_id, product_variant_id);


--
-- Name: category_app_category category_app_category_category_name_key; Type: CONSTRAINT; Schema: public; Owner: postgres
--

ALTER TABLE ONLY public.category_app_category
    ADD CONSTRAINT category_app_category_category_name_key UNIQUE (category_name);


--
-- Name: category_app_category category_app_category_pkey; Type: CONSTRAINT; Schema: public; Owner: postgres
--

ALTER TABLE ONLY public.category_app_category
    ADD CONSTRAINT category_app_category_pkey PRIMARY KEY (id);


--
-- Name: category_app_subcategory category_app_subcategory_pkey; Type: CONSTRAINT; Schema: public; Owner: postgres
--

ALTER TABLE ONLY public.category_app_subcategory
    ADD CONSTRAINT category_app_subcategory_pkey PRIMARY KEY (id);


--
-- Name: category_app_subcategory category_app_subcategory_slug_key; Type: CONSTRAINT; Schema: public; Owner: postgres
--

ALTER TABLE ONLY public.category_app_subcategory
    ADD CONSTRAINT category_app_subcategory_slug_key UNIQUE (slug);


--
-- Name: category_app_subcategory category_app_subcategory_subcategory_name_categor_73e24186_uniq; Type: CONSTRAINT; Schema: public; Owner: postgres
--

ALTER TABLE ONLY public.category_app_subcategory
    ADD CONSTRAINT category_app_subcategory_subcategory_name_categor_73e24186_uniq UNIQUE (subcategory_name, category_id);


--
-- Name: coupon_app_coupons coupon_app_coupons_code_key; Type: CONSTRAINT; Schema: public; Owner: postgres
--

ALTER TABLE ONLY public.coupon_app_coupons
    ADD CONSTRAINT coupon_app_coupons_code_key UNIQUE (code);


--
-- Name: coupon_app_coupons coupon_app_coupons_pkey; Type: CONSTRAINT; Schema: public; Owner: postgres
--

ALTER TABLE ONLY public.coupon_app_coupons
    ADD CONSTRAINT coupon_app_coupons_pkey PRIMARY KEY (id);


--
-- Name: django_admin_log django_admin_log_pkey; Type: CONSTRAINT; Schema: public; Owner: postgres
--

ALTER TABLE ONLY public.django_admin_log
    ADD CONSTRAINT django_admin_log_pkey PRIMARY KEY (id);


--
-- Name: django_content_type django_content_type_app_label_model_76bd3d3b_uniq; Type: CONSTRAINT; Schema: public; Owner: postgres
--

ALTER TABLE ONLY public.django_content_type
    ADD CONSTRAINT django_content_type_app_label_model_76bd3d3b_uniq UNIQUE (app_label, model);


--
-- Name: django_content_type django_content_type_pkey; Type: CONSTRAINT; Schema: public; Owner: postgres
--

ALTER TABLE ONLY public.django_content_type
    ADD CONSTRAINT django_content_type_pkey PRIMARY KEY (id);


--
-- Name: django_migrations django_migrations_pkey; Type: CONSTRAINT; Schema: public; Owner: postgres
--

ALTER TABLE ONLY public.django_migrations
    ADD CONSTRAINT django_migrations_pkey PRIMARY KEY (id);


--
-- Name: django_session django_session_pkey; Type: CONSTRAINT; Schema: public; Owner: postgres
--

ALTER TABLE ONLY public.django_session
    ADD CONSTRAINT django_session_pkey PRIMARY KEY (session_key);


--
-- Name: django_site django_site_domain_a2e37b91_uniq; Type: CONSTRAINT; Schema: public; Owner: postgres
--

ALTER TABLE ONLY public.django_site
    ADD CONSTRAINT django_site_domain_a2e37b91_uniq UNIQUE (domain);


--
-- Name: django_site django_site_pkey; Type: CONSTRAINT; Schema: public; Owner: postgres
--

ALTER TABLE ONLY public.django_site
    ADD CONSTRAINT django_site_pkey PRIMARY KEY (id);


--
-- Name: offer_app_offer offer_app_offer_pkey; Type: CONSTRAINT; Schema: public; Owner: postgres
--

ALTER TABLE ONLY public.offer_app_offer
    ADD CONSTRAINT offer_app_offer_pkey PRIMARY KEY (id);


--
-- Name: order_app_order order_app_order_invoice_number_key; Type: CONSTRAINT; Schema: public; Owner: postgres
--

ALTER TABLE ONLY public.order_app_order
    ADD CONSTRAINT order_app_order_invoice_number_key UNIQUE (invoice_number);


--
-- Name: order_app_order order_app_order_order_unique_id_key; Type: CONSTRAINT; Schema: public; Owner: postgres
--

ALTER TABLE ONLY public.order_app_order
    ADD CONSTRAINT order_app_order_order_unique_id_key UNIQUE (order_unique_id);


--
-- Name: order_app_order order_app_order_pkey; Type: CONSTRAINT; Schema: public; Owner: postgres
--

ALTER TABLE ONLY public.order_app_order
    ADD CONSTRAINT order_app_order_pkey PRIMARY KEY (id);


--
-- Name: order_app_orderitem order_app_orderitem_pkey; Type: CONSTRAINT; Schema: public; Owner: postgres
--

ALTER TABLE ONLY public.order_app_orderitem
    ADD CONSTRAINT order_app_orderitem_pkey PRIMARY KEY (id);


--
-- Name: product_app_product product_app_product_pkey; Type: CONSTRAINT; Schema: public; Owner: postgres
--

ALTER TABLE ONLY public.product_app_product
    ADD CONSTRAINT product_app_product_pkey PRIMARY KEY (id);


--
-- Name: product_app_product product_app_product_slug_key; Type: CONSTRAINT; Schema: public; Owner: postgres
--

ALTER TABLE ONLY public.product_app_product
    ADD CONSTRAINT product_app_product_slug_key UNIQUE (slug);


--
-- Name: product_app_productcolorimage product_app_productcolorimage_pkey; Type: CONSTRAINT; Schema: public; Owner: postgres
--

ALTER TABLE ONLY public.product_app_productcolorimage
    ADD CONSTRAINT product_app_productcolorimage_pkey PRIMARY KEY (id);


--
-- Name: product_app_productsize product_app_productsize_pkey; Type: CONSTRAINT; Schema: public; Owner: postgres
--

ALTER TABLE ONLY public.product_app_productsize
    ADD CONSTRAINT product_app_productsize_pkey PRIMARY KEY (id);


--
-- Name: socialaccount_socialaccount socialaccount_socialaccount_pkey; Type: CONSTRAINT; Schema: public; Owner: postgres
--

ALTER TABLE ONLY public.socialaccount_socialaccount
    ADD CONSTRAINT socialaccount_socialaccount_pkey PRIMARY KEY (id);


--
-- Name: socialaccount_socialaccount socialaccount_socialaccount_provider_uid_fc810c6e_uniq; Type: CONSTRAINT; Schema: public; Owner: postgres
--

ALTER TABLE ONLY public.socialaccount_socialaccount
    ADD CONSTRAINT socialaccount_socialaccount_provider_uid_fc810c6e_uniq UNIQUE (provider, uid);


--
-- Name: socialaccount_socialapp_sites socialaccount_socialapp__socialapp_id_site_id_71a9a768_uniq; Type: CONSTRAINT; Schema: public; Owner: postgres
--

ALTER TABLE ONLY public.socialaccount_socialapp_sites
    ADD CONSTRAINT socialaccount_socialapp__socialapp_id_site_id_71a9a768_uniq UNIQUE (socialapp_id, site_id);


--
-- Name: socialaccount_socialapp socialaccount_socialapp_pkey; Type: CONSTRAINT; Schema: public; Owner: postgres
--

ALTER TABLE ONLY public.socialaccount_socialapp
    ADD CONSTRAINT socialaccount_socialapp_pkey PRIMARY KEY (id);


--
-- Name: socialaccount_socialapp_sites socialaccount_socialapp_sites_pkey; Type: CONSTRAINT; Schema: public; Owner: postgres
--

ALTER TABLE ONLY public.socialaccount_socialapp_sites
    ADD CONSTRAINT socialaccount_socialapp_sites_pkey PRIMARY KEY (id);


--
-- Name: socialaccount_socialtoken socialaccount_socialtoken_app_id_account_id_fca4e0ac_uniq; Type: CONSTRAINT; Schema: public; Owner: postgres
--

ALTER TABLE ONLY public.socialaccount_socialtoken
    ADD CONSTRAINT socialaccount_socialtoken_app_id_account_id_fca4e0ac_uniq UNIQUE (app_id, account_id);


--
-- Name: socialaccount_socialtoken socialaccount_socialtoken_pkey; Type: CONSTRAINT; Schema: public; Owner: postgres
--

ALTER TABLE ONLY public.socialaccount_socialtoken
    ADD CONSTRAINT socialaccount_socialtoken_pkey PRIMARY KEY (id);


--
-- Name: user_customuser_groups user_customuser_groups_customuser_id_group_id_e0a2f621_uniq; Type: CONSTRAINT; Schema: public; Owner: postgres
--

ALTER TABLE ONLY public.user_customuser_groups
    ADD CONSTRAINT user_customuser_groups_customuser_id_group_id_e0a2f621_uniq UNIQUE (customuser_id, group_id);


--
-- Name: user_customuser_groups user_customuser_groups_pkey; Type: CONSTRAINT; Schema: public; Owner: postgres
--

ALTER TABLE ONLY public.user_customuser_groups
    ADD CONSTRAINT user_customuser_groups_pkey PRIMARY KEY (id);


--
-- Name: user_customuser user_customuser_phone_number_key; Type: CONSTRAINT; Schema: public; Owner: postgres
--

ALTER TABLE ONLY public.user_customuser
    ADD CONSTRAINT user_customuser_phone_number_key UNIQUE (phone_number);


--
-- Name: user_customuser user_customuser_pkey; Type: CONSTRAINT; Schema: public; Owner: postgres
--

ALTER TABLE ONLY public.user_customuser
    ADD CONSTRAINT user_customuser_pkey PRIMARY KEY (id);


--
-- Name: user_customuser user_customuser_referral_code_key; Type: CONSTRAINT; Schema: public; Owner: postgres
--

ALTER TABLE ONLY public.user_customuser
    ADD CONSTRAINT user_customuser_referral_code_key UNIQUE (referral_code);


--
-- Name: user_customuser_user_permissions user_customuser_user_per_customuser_id_permission_a5da865d_uniq; Type: CONSTRAINT; Schema: public; Owner: postgres
--

ALTER TABLE ONLY public.user_customuser_user_permissions
    ADD CONSTRAINT user_customuser_user_per_customuser_id_permission_a5da865d_uniq UNIQUE (customuser_id, permission_id);


--
-- Name: user_customuser_user_permissions user_customuser_user_permissions_pkey; Type: CONSTRAINT; Schema: public; Owner: postgres
--

ALTER TABLE ONLY public.user_customuser_user_permissions
    ADD CONSTRAINT user_customuser_user_permissions_pkey PRIMARY KEY (id);


--
-- Name: user_customuser user_customuser_username_key; Type: CONSTRAINT; Schema: public; Owner: postgres
--

ALTER TABLE ONLY public.user_customuser
    ADD CONSTRAINT user_customuser_username_key UNIQUE (username);


--
-- Name: wallet_app_wallet wallet_app_wallet_pkey; Type: CONSTRAINT; Schema: public; Owner: postgres
--

ALTER TABLE ONLY public.wallet_app_wallet
    ADD CONSTRAINT wallet_app_wallet_pkey PRIMARY KEY (id);


--
-- Name: wallet_app_wallet wallet_app_wallet_user_id_key; Type: CONSTRAINT; Schema: public; Owner: postgres
--

ALTER TABLE ONLY public.wallet_app_wallet
    ADD CONSTRAINT wallet_app_wallet_user_id_key UNIQUE (user_id);


--
-- Name: wallet_app_wallettransaction wallet_app_wallettransaction_pkey; Type: CONSTRAINT; Schema: public; Owner: postgres
--

ALTER TABLE ONLY public.wallet_app_wallettransaction
    ADD CONSTRAINT wallet_app_wallettransaction_pkey PRIMARY KEY (id);


--
-- Name: account_app_address_user_id_8876afb7; Type: INDEX; Schema: public; Owner: postgres
--

CREATE INDEX account_app_address_user_id_8876afb7 ON public.account_app_address USING btree (user_id);


--
-- Name: account_emailaddress_email_03be32b2; Type: INDEX; Schema: public; Owner: postgres
--

CREATE INDEX account_emailaddress_email_03be32b2 ON public.account_emailaddress USING btree (email);


--
-- Name: account_emailaddress_email_03be32b2_like; Type: INDEX; Schema: public; Owner: postgres
--

CREATE INDEX account_emailaddress_email_03be32b2_like ON public.account_emailaddress USING btree (email varchar_pattern_ops);


--
-- Name: account_emailaddress_user_id_2c513194; Type: INDEX; Schema: public; Owner: postgres
--

CREATE INDEX account_emailaddress_user_id_2c513194 ON public.account_emailaddress USING btree (user_id);


--
-- Name: account_emailconfirmation_email_address_id_5b7f8c58; Type: INDEX; Schema: public; Owner: postgres
--

CREATE INDEX account_emailconfirmation_email_address_id_5b7f8c58 ON public.account_emailconfirmation USING btree (email_address_id);


--
-- Name: account_emailconfirmation_key_f43612bd_like; Type: INDEX; Schema: public; Owner: postgres
--

CREATE INDEX account_emailconfirmation_key_f43612bd_like ON public.account_emailconfirmation USING btree (key varchar_pattern_ops);


--
-- Name: auth_group_name_a6ea08ec_like; Type: INDEX; Schema: public; Owner: postgres
--

CREATE INDEX auth_group_name_a6ea08ec_like ON public.auth_group USING btree (name varchar_pattern_ops);


--
-- Name: auth_group_permissions_group_id_b120cbf9; Type: INDEX; Schema: public; Owner: postgres
--

CREATE INDEX auth_group_permissions_group_id_b120cbf9 ON public.auth_group_permissions USING btree (group_id);


--
-- Name: auth_group_permissions_permission_id_84c5c92e; Type: INDEX; Schema: public; Owner: postgres
--

CREATE INDEX auth_group_permissions_permission_id_84c5c92e ON public.auth_group_permissions USING btree (permission_id);


--
-- Name: auth_permission_content_type_id_2f476e4b; Type: INDEX; Schema: public; Owner: postgres
--

CREATE INDEX auth_permission_content_type_id_2f476e4b ON public.auth_permission USING btree (content_type_id);


--
-- Name: cart_app_cart_applied_coupon_id_189390d7; Type: INDEX; Schema: public; Owner: postgres
--

CREATE INDEX cart_app_cart_applied_coupon_id_189390d7 ON public.cart_app_cart USING btree (applied_coupon_id);


--
-- Name: cart_app_cartitem_cart_id_79316af9; Type: INDEX; Schema: public; Owner: postgres
--

CREATE INDEX cart_app_cartitem_cart_id_79316af9 ON public.cart_app_cartitem USING btree (cart_id);


--
-- Name: cart_app_cartitem_product_color_id_edd5446b; Type: INDEX; Schema: public; Owner: postgres
--

CREATE INDEX cart_app_cartitem_product_color_id_edd5446b ON public.cart_app_cartitem USING btree (product_color_id);


--
-- Name: cart_app_cartitem_product_id_2459a9eb; Type: INDEX; Schema: public; Owner: postgres
--

CREATE INDEX cart_app_cartitem_product_id_2459a9eb ON public.cart_app_cartitem USING btree (product_id);


--
-- Name: cart_app_cartitem_product_size_id_a01e8fa7; Type: INDEX; Schema: public; Owner: postgres
--

CREATE INDEX cart_app_cartitem_product_size_id_a01e8fa7 ON public.cart_app_cartitem USING btree (product_size_id);


--
-- Name: cart_app_wishlist_product_variant_id_f595ec1a; Type: INDEX; Schema: public; Owner: postgres
--

CREATE INDEX cart_app_wishlist_product_variant_id_f595ec1a ON public.cart_app_wishlist USING btree (product_variant_id);


--
-- Name: cart_app_wishlist_user_id_1e2617ab; Type: INDEX; Schema: public; Owner: postgres
--

CREATE INDEX cart_app_wishlist_user_id_1e2617ab ON public.cart_app_wishlist USING btree (user_id);


--
-- Name: category_app_category_category_name_e8b29512_like; Type: INDEX; Schema: public; Owner: postgres
--

CREATE INDEX category_app_category_category_name_e8b29512_like ON public.category_app_category USING btree (category_name varchar_pattern_ops);


--
-- Name: category_app_subcategory_applied_offer_id_88c50eda; Type: INDEX; Schema: public; Owner: postgres
--

CREATE INDEX category_app_subcategory_applied_offer_id_88c50eda ON public.category_app_subcategory USING btree (applied_offer_id);


--
-- Name: category_app_subcategory_category_id_fd1ca854; Type: INDEX; Schema: public; Owner: postgres
--

CREATE INDEX category_app_subcategory_category_id_fd1ca854 ON public.category_app_subcategory USING btree (category_id);


--
-- Name: category_app_subcategory_slug_03e30e9d_like; Type: INDEX; Schema: public; Owner: postgres
--

CREATE INDEX category_app_subcategory_slug_03e30e9d_like ON public.category_app_subcategory USING btree (slug varchar_pattern_ops);


--
-- Name: coupon_app_coupons_code_077ccc89_like; Type: INDEX; Schema: public; Owner: postgres
--

CREATE INDEX coupon_app_coupons_code_077ccc89_like ON public.coupon_app_coupons USING btree (code varchar_pattern_ops);


--
-- Name: django_admin_log_content_type_id_c4bce8eb; Type: INDEX; Schema: public; Owner: postgres
--

CREATE INDEX django_admin_log_content_type_id_c4bce8eb ON public.django_admin_log USING btree (content_type_id);


--
-- Name: django_admin_log_user_id_c564eba6; Type: INDEX; Schema: public; Owner: postgres
--

CREATE INDEX django_admin_log_user_id_c564eba6 ON public.django_admin_log USING btree (user_id);


--
-- Name: django_session_expire_date_a5c62663; Type: INDEX; Schema: public; Owner: postgres
--

CREATE INDEX django_session_expire_date_a5c62663 ON public.django_session USING btree (expire_date);


--
-- Name: django_session_session_key_c0390e0f_like; Type: INDEX; Schema: public; Owner: postgres
--

CREATE INDEX django_session_session_key_c0390e0f_like ON public.django_session USING btree (session_key varchar_pattern_ops);


--
-- Name: django_site_domain_a2e37b91_like; Type: INDEX; Schema: public; Owner: postgres
--

CREATE INDEX django_site_domain_a2e37b91_like ON public.django_site USING btree (domain varchar_pattern_ops);


--
-- Name: order_app_order_coupon_id_de63daf1; Type: INDEX; Schema: public; Owner: postgres
--

CREATE INDEX order_app_order_coupon_id_de63daf1 ON public.order_app_order USING btree (coupon_id);


--
-- Name: order_app_order_delivery_address_id_8841f59b; Type: INDEX; Schema: public; Owner: postgres
--

CREATE INDEX order_app_order_delivery_address_id_8841f59b ON public.order_app_order USING btree (delivery_address_id);


--
-- Name: order_app_order_invoice_number_df977bc0_like; Type: INDEX; Schema: public; Owner: postgres
--

CREATE INDEX order_app_order_invoice_number_df977bc0_like ON public.order_app_order USING btree (invoice_number varchar_pattern_ops);


--
-- Name: order_app_order_order_unique_id_0827f9ba_like; Type: INDEX; Schema: public; Owner: postgres
--

CREATE INDEX order_app_order_order_unique_id_0827f9ba_like ON public.order_app_order USING btree (order_unique_id varchar_pattern_ops);


--
-- Name: order_app_order_ordered_user_id_45e9ce03; Type: INDEX; Schema: public; Owner: postgres
--

CREATE INDEX order_app_order_ordered_user_id_45e9ce03 ON public.order_app_order USING btree (ordered_user_id);


--
-- Name: order_app_orderitem_order_id_d8561a3b; Type: INDEX; Schema: public; Owner: postgres
--

CREATE INDEX order_app_orderitem_order_id_d8561a3b ON public.order_app_orderitem USING btree (order_id);


--
-- Name: order_app_orderitem_product_size_id_e823980c; Type: INDEX; Schema: public; Owner: postgres
--

CREATE INDEX order_app_orderitem_product_size_id_e823980c ON public.order_app_orderitem USING btree (product_size_id);


--
-- Name: product_app_product_applied_offer_id_13dfdf54; Type: INDEX; Schema: public; Owner: postgres
--

CREATE INDEX product_app_product_applied_offer_id_13dfdf54 ON public.product_app_product USING btree (applied_offer_id);


--
-- Name: product_app_product_category_id_id_01bcc708; Type: INDEX; Schema: public; Owner: postgres
--

CREATE INDEX product_app_product_category_id_id_01bcc708 ON public.product_app_product USING btree (category_id_id);


--
-- Name: product_app_product_slug_076b47eb_like; Type: INDEX; Schema: public; Owner: postgres
--

CREATE INDEX product_app_product_slug_076b47eb_like ON public.product_app_product USING btree (slug varchar_pattern_ops);


--
-- Name: product_app_product_subcategory_id_id_c88512c4; Type: INDEX; Schema: public; Owner: postgres
--

CREATE INDEX product_app_product_subcategory_id_id_c88512c4 ON public.product_app_product USING btree (subcategory_id_id);


--
-- Name: product_app_productcolorimage_product_id_id_8be059e8; Type: INDEX; Schema: public; Owner: postgres
--

CREATE INDEX product_app_productcolorimage_product_id_id_8be059e8 ON public.product_app_productcolorimage USING btree (product_id_id);


--
-- Name: product_app_productsize_product_data_id_bc45b862; Type: INDEX; Schema: public; Owner: postgres
--

CREATE INDEX product_app_productsize_product_data_id_bc45b862 ON public.product_app_productsize USING btree (product_data_id);


--
-- Name: socialaccount_socialaccount_user_id_8146e70c; Type: INDEX; Schema: public; Owner: postgres
--

CREATE INDEX socialaccount_socialaccount_user_id_8146e70c ON public.socialaccount_socialaccount USING btree (user_id);


--
-- Name: socialaccount_socialapp_sites_site_id_2579dee5; Type: INDEX; Schema: public; Owner: postgres
--

CREATE INDEX socialaccount_socialapp_sites_site_id_2579dee5 ON public.socialaccount_socialapp_sites USING btree (site_id);


--
-- Name: socialaccount_socialapp_sites_socialapp_id_97fb6e7d; Type: INDEX; Schema: public; Owner: postgres
--

CREATE INDEX socialaccount_socialapp_sites_socialapp_id_97fb6e7d ON public.socialaccount_socialapp_sites USING btree (socialapp_id);


--
-- Name: socialaccount_socialtoken_account_id_951f210e; Type: INDEX; Schema: public; Owner: postgres
--

CREATE INDEX socialaccount_socialtoken_account_id_951f210e ON public.socialaccount_socialtoken USING btree (account_id);


--
-- Name: socialaccount_socialtoken_app_id_636a42d7; Type: INDEX; Schema: public; Owner: postgres
--

CREATE INDEX socialaccount_socialtoken_app_id_636a42d7 ON public.socialaccount_socialtoken USING btree (app_id);


--
-- Name: unique_primary_email; Type: INDEX; Schema: public; Owner: postgres
--

CREATE UNIQUE INDEX unique_primary_email ON public.account_emailaddress USING btree (user_id, "primary") WHERE "primary";


--
-- Name: unique_verified_email; Type: INDEX; Schema: public; Owner: postgres
--

CREATE UNIQUE INDEX unique_verified_email ON public.account_emailaddress USING btree (email) WHERE verified;


--
-- Name: user_customuser_groups_customuser_id_192632a7; Type: INDEX; Schema: public; Owner: postgres
--

CREATE INDEX user_customuser_groups_customuser_id_192632a7 ON public.user_customuser_groups USING btree (customuser_id);


--
-- Name: user_customuser_groups_group_id_bcbc9e48; Type: INDEX; Schema: public; Owner: postgres
--

CREATE INDEX user_customuser_groups_group_id_bcbc9e48 ON public.user_customuser_groups USING btree (group_id);


--
-- Name: user_customuser_phone_number_bd7f969c_like; Type: INDEX; Schema: public; Owner: postgres
--

CREATE INDEX user_customuser_phone_number_bd7f969c_like ON public.user_customuser USING btree (phone_number varchar_pattern_ops);


--
-- Name: user_customuser_referral_code_c4237fb8_like; Type: INDEX; Schema: public; Owner: postgres
--

CREATE INDEX user_customuser_referral_code_c4237fb8_like ON public.user_customuser USING btree (referral_code varchar_pattern_ops);


--
-- Name: user_customuser_referred_by_id_cc08fe51; Type: INDEX; Schema: public; Owner: postgres
--

CREATE INDEX user_customuser_referred_by_id_cc08fe51 ON public.user_customuser USING btree (referred_by_id);


--
-- Name: user_customuser_user_permissions_customuser_id_4552d9cc; Type: INDEX; Schema: public; Owner: postgres
--

CREATE INDEX user_customuser_user_permissions_customuser_id_4552d9cc ON public.user_customuser_user_permissions USING btree (customuser_id);


--
-- Name: user_customuser_user_permissions_permission_id_e57e8b9a; Type: INDEX; Schema: public; Owner: postgres
--

CREATE INDEX user_customuser_user_permissions_permission_id_e57e8b9a ON public.user_customuser_user_permissions USING btree (permission_id);


--
-- Name: user_customuser_username_24be6f7e_like; Type: INDEX; Schema: public; Owner: postgres
--

CREATE INDEX user_customuser_username_24be6f7e_like ON public.user_customuser USING btree (username varchar_pattern_ops);


--
-- Name: wallet_app_wallettransaction_wallet_id_a2ee76e1; Type: INDEX; Schema: public; Owner: postgres
--

CREATE INDEX wallet_app_wallettransaction_wallet_id_a2ee76e1 ON public.wallet_app_wallettransaction USING btree (wallet_id);


--
-- Name: account_app_address account_app_address_user_id_8876afb7_fk_user_customuser_id; Type: FK CONSTRAINT; Schema: public; Owner: postgres
--

ALTER TABLE ONLY public.account_app_address
    ADD CONSTRAINT account_app_address_user_id_8876afb7_fk_user_customuser_id FOREIGN KEY (user_id) REFERENCES public.user_customuser(id) DEFERRABLE INITIALLY DEFERRED;


--
-- Name: account_emailaddress account_emailaddress_user_id_2c513194_fk_user_customuser_id; Type: FK CONSTRAINT; Schema: public; Owner: postgres
--

ALTER TABLE ONLY public.account_emailaddress
    ADD CONSTRAINT account_emailaddress_user_id_2c513194_fk_user_customuser_id FOREIGN KEY (user_id) REFERENCES public.user_customuser(id) DEFERRABLE INITIALLY DEFERRED;


--
-- Name: account_emailconfirmation account_emailconfirm_email_address_id_5b7f8c58_fk_account_e; Type: FK CONSTRAINT; Schema: public; Owner: postgres
--

ALTER TABLE ONLY public.account_emailconfirmation
    ADD CONSTRAINT account_emailconfirm_email_address_id_5b7f8c58_fk_account_e FOREIGN KEY (email_address_id) REFERENCES public.account_emailaddress(id) DEFERRABLE INITIALLY DEFERRED;


--
-- Name: auth_group_permissions auth_group_permissio_permission_id_84c5c92e_fk_auth_perm; Type: FK CONSTRAINT; Schema: public; Owner: postgres
--

ALTER TABLE ONLY public.auth_group_permissions
    ADD CONSTRAINT auth_group_permissio_permission_id_84c5c92e_fk_auth_perm FOREIGN KEY (permission_id) REFERENCES public.auth_permission(id) DEFERRABLE INITIALLY DEFERRED;


--
-- Name: auth_group_permissions auth_group_permissions_group_id_b120cbf9_fk_auth_group_id; Type: FK CONSTRAINT; Schema: public; Owner: postgres
--

ALTER TABLE ONLY public.auth_group_permissions
    ADD CONSTRAINT auth_group_permissions_group_id_b120cbf9_fk_auth_group_id FOREIGN KEY (group_id) REFERENCES public.auth_group(id) DEFERRABLE INITIALLY DEFERRED;


--
-- Name: auth_permission auth_permission_content_type_id_2f476e4b_fk_django_co; Type: FK CONSTRAINT; Schema: public; Owner: postgres
--

ALTER TABLE ONLY public.auth_permission
    ADD CONSTRAINT auth_permission_content_type_id_2f476e4b_fk_django_co FOREIGN KEY (content_type_id) REFERENCES public.django_content_type(id) DEFERRABLE INITIALLY DEFERRED;


--
-- Name: cart_app_cart cart_app_cart_applied_coupon_id_189390d7_fk_coupon_ap; Type: FK CONSTRAINT; Schema: public; Owner: postgres
--

ALTER TABLE ONLY public.cart_app_cart
    ADD CONSTRAINT cart_app_cart_applied_coupon_id_189390d7_fk_coupon_ap FOREIGN KEY (applied_coupon_id) REFERENCES public.coupon_app_coupons(id) DEFERRABLE INITIALLY DEFERRED;


--
-- Name: cart_app_cart cart_app_cart_user_id_78f2fda9_fk_user_customuser_id; Type: FK CONSTRAINT; Schema: public; Owner: postgres
--

ALTER TABLE ONLY public.cart_app_cart
    ADD CONSTRAINT cart_app_cart_user_id_78f2fda9_fk_user_customuser_id FOREIGN KEY (user_id) REFERENCES public.user_customuser(id) DEFERRABLE INITIALLY DEFERRED;


--
-- Name: cart_app_cartitem cart_app_cartitem_cart_id_79316af9_fk_cart_app_cart_id; Type: FK CONSTRAINT; Schema: public; Owner: postgres
--

ALTER TABLE ONLY public.cart_app_cartitem
    ADD CONSTRAINT cart_app_cartitem_cart_id_79316af9_fk_cart_app_cart_id FOREIGN KEY (cart_id) REFERENCES public.cart_app_cart(id) DEFERRABLE INITIALLY DEFERRED;


--
-- Name: cart_app_cartitem cart_app_cartitem_product_color_id_edd5446b_fk_product_a; Type: FK CONSTRAINT; Schema: public; Owner: postgres
--

ALTER TABLE ONLY public.cart_app_cartitem
    ADD CONSTRAINT cart_app_cartitem_product_color_id_edd5446b_fk_product_a FOREIGN KEY (product_color_id) REFERENCES public.product_app_productcolorimage(id) DEFERRABLE INITIALLY DEFERRED;


--
-- Name: cart_app_cartitem cart_app_cartitem_product_id_2459a9eb_fk_product_app_product_id; Type: FK CONSTRAINT; Schema: public; Owner: postgres
--

ALTER TABLE ONLY public.cart_app_cartitem
    ADD CONSTRAINT cart_app_cartitem_product_id_2459a9eb_fk_product_app_product_id FOREIGN KEY (product_id) REFERENCES public.product_app_product(id) DEFERRABLE INITIALLY DEFERRED;


--
-- Name: cart_app_cartitem cart_app_cartitem_product_size_id_a01e8fa7_fk_product_a; Type: FK CONSTRAINT; Schema: public; Owner: postgres
--

ALTER TABLE ONLY public.cart_app_cartitem
    ADD CONSTRAINT cart_app_cartitem_product_size_id_a01e8fa7_fk_product_a FOREIGN KEY (product_size_id) REFERENCES public.product_app_productsize(id) DEFERRABLE INITIALLY DEFERRED;


--
-- Name: cart_app_wishlist cart_app_wishlist_product_variant_id_f595ec1a_fk_product_a; Type: FK CONSTRAINT; Schema: public; Owner: postgres
--

ALTER TABLE ONLY public.cart_app_wishlist
    ADD CONSTRAINT cart_app_wishlist_product_variant_id_f595ec1a_fk_product_a FOREIGN KEY (product_variant_id) REFERENCES public.product_app_productcolorimage(id) DEFERRABLE INITIALLY DEFERRED;


--
-- Name: cart_app_wishlist cart_app_wishlist_user_id_1e2617ab_fk_user_customuser_id; Type: FK CONSTRAINT; Schema: public; Owner: postgres
--

ALTER TABLE ONLY public.cart_app_wishlist
    ADD CONSTRAINT cart_app_wishlist_user_id_1e2617ab_fk_user_customuser_id FOREIGN KEY (user_id) REFERENCES public.user_customuser(id) DEFERRABLE INITIALLY DEFERRED;


--
-- Name: category_app_subcategory category_app_subcate_applied_offer_id_88c50eda_fk_offer_app; Type: FK CONSTRAINT; Schema: public; Owner: postgres
--

ALTER TABLE ONLY public.category_app_subcategory
    ADD CONSTRAINT category_app_subcate_applied_offer_id_88c50eda_fk_offer_app FOREIGN KEY (applied_offer_id) REFERENCES public.offer_app_offer(id) DEFERRABLE INITIALLY DEFERRED;


--
-- Name: category_app_subcategory category_app_subcate_category_id_fd1ca854_fk_category_; Type: FK CONSTRAINT; Schema: public; Owner: postgres
--

ALTER TABLE ONLY public.category_app_subcategory
    ADD CONSTRAINT category_app_subcate_category_id_fd1ca854_fk_category_ FOREIGN KEY (category_id) REFERENCES public.category_app_category(id) DEFERRABLE INITIALLY DEFERRED;


--
-- Name: django_admin_log django_admin_log_content_type_id_c4bce8eb_fk_django_co; Type: FK CONSTRAINT; Schema: public; Owner: postgres
--

ALTER TABLE ONLY public.django_admin_log
    ADD CONSTRAINT django_admin_log_content_type_id_c4bce8eb_fk_django_co FOREIGN KEY (content_type_id) REFERENCES public.django_content_type(id) DEFERRABLE INITIALLY DEFERRED;


--
-- Name: django_admin_log django_admin_log_user_id_c564eba6_fk_user_customuser_id; Type: FK CONSTRAINT; Schema: public; Owner: postgres
--

ALTER TABLE ONLY public.django_admin_log
    ADD CONSTRAINT django_admin_log_user_id_c564eba6_fk_user_customuser_id FOREIGN KEY (user_id) REFERENCES public.user_customuser(id) DEFERRABLE INITIALLY DEFERRED;


--
-- Name: order_app_order order_app_order_coupon_id_de63daf1_fk_coupon_app_coupons_id; Type: FK CONSTRAINT; Schema: public; Owner: postgres
--

ALTER TABLE ONLY public.order_app_order
    ADD CONSTRAINT order_app_order_coupon_id_de63daf1_fk_coupon_app_coupons_id FOREIGN KEY (coupon_id) REFERENCES public.coupon_app_coupons(id) DEFERRABLE INITIALLY DEFERRED;


--
-- Name: order_app_order order_app_order_delivery_address_id_8841f59b_fk_account_a; Type: FK CONSTRAINT; Schema: public; Owner: postgres
--

ALTER TABLE ONLY public.order_app_order
    ADD CONSTRAINT order_app_order_delivery_address_id_8841f59b_fk_account_a FOREIGN KEY (delivery_address_id) REFERENCES public.account_app_address(id) DEFERRABLE INITIALLY DEFERRED;


--
-- Name: order_app_order order_app_order_ordered_user_id_45e9ce03_fk_user_customuser_id; Type: FK CONSTRAINT; Schema: public; Owner: postgres
--

ALTER TABLE ONLY public.order_app_order
    ADD CONSTRAINT order_app_order_ordered_user_id_45e9ce03_fk_user_customuser_id FOREIGN KEY (ordered_user_id) REFERENCES public.user_customuser(id) DEFERRABLE INITIALLY DEFERRED;


--
-- Name: order_app_orderitem order_app_orderitem_order_id_d8561a3b_fk_order_app_order_id; Type: FK CONSTRAINT; Schema: public; Owner: postgres
--

ALTER TABLE ONLY public.order_app_orderitem
    ADD CONSTRAINT order_app_orderitem_order_id_d8561a3b_fk_order_app_order_id FOREIGN KEY (order_id) REFERENCES public.order_app_order(id) DEFERRABLE INITIALLY DEFERRED;


--
-- Name: order_app_orderitem order_app_orderitem_product_size_id_e823980c_fk_product_a; Type: FK CONSTRAINT; Schema: public; Owner: postgres
--

ALTER TABLE ONLY public.order_app_orderitem
    ADD CONSTRAINT order_app_orderitem_product_size_id_e823980c_fk_product_a FOREIGN KEY (product_size_id) REFERENCES public.product_app_productsize(id) DEFERRABLE INITIALLY DEFERRED;


--
-- Name: product_app_product product_app_product_applied_offer_id_13dfdf54_fk_offer_app; Type: FK CONSTRAINT; Schema: public; Owner: postgres
--

ALTER TABLE ONLY public.product_app_product
    ADD CONSTRAINT product_app_product_applied_offer_id_13dfdf54_fk_offer_app FOREIGN KEY (applied_offer_id) REFERENCES public.offer_app_offer(id) DEFERRABLE INITIALLY DEFERRED;


--
-- Name: product_app_product product_app_product_category_id_id_01bcc708_fk_category_; Type: FK CONSTRAINT; Schema: public; Owner: postgres
--

ALTER TABLE ONLY public.product_app_product
    ADD CONSTRAINT product_app_product_category_id_id_01bcc708_fk_category_ FOREIGN KEY (category_id_id) REFERENCES public.category_app_category(id) DEFERRABLE INITIALLY DEFERRED;


--
-- Name: product_app_product product_app_product_subcategory_id_id_c88512c4_fk_category_; Type: FK CONSTRAINT; Schema: public; Owner: postgres
--

ALTER TABLE ONLY public.product_app_product
    ADD CONSTRAINT product_app_product_subcategory_id_id_c88512c4_fk_category_ FOREIGN KEY (subcategory_id_id) REFERENCES public.category_app_subcategory(id) DEFERRABLE INITIALLY DEFERRED;


--
-- Name: product_app_productcolorimage product_app_productc_product_id_id_8be059e8_fk_product_a; Type: FK CONSTRAINT; Schema: public; Owner: postgres
--

ALTER TABLE ONLY public.product_app_productcolorimage
    ADD CONSTRAINT product_app_productc_product_id_id_8be059e8_fk_product_a FOREIGN KEY (product_id_id) REFERENCES public.product_app_product(id) DEFERRABLE INITIALLY DEFERRED;


--
-- Name: product_app_productsize product_app_products_product_data_id_bc45b862_fk_product_a; Type: FK CONSTRAINT; Schema: public; Owner: postgres
--

ALTER TABLE ONLY public.product_app_productsize
    ADD CONSTRAINT product_app_products_product_data_id_bc45b862_fk_product_a FOREIGN KEY (product_data_id) REFERENCES public.product_app_productcolorimage(id) DEFERRABLE INITIALLY DEFERRED;


--
-- Name: socialaccount_socialtoken socialaccount_social_account_id_951f210e_fk_socialacc; Type: FK CONSTRAINT; Schema: public; Owner: postgres
--

ALTER TABLE ONLY public.socialaccount_socialtoken
    ADD CONSTRAINT socialaccount_social_account_id_951f210e_fk_socialacc FOREIGN KEY (account_id) REFERENCES public.socialaccount_socialaccount(id) DEFERRABLE INITIALLY DEFERRED;


--
-- Name: socialaccount_socialtoken socialaccount_social_app_id_636a42d7_fk_socialacc; Type: FK CONSTRAINT; Schema: public; Owner: postgres
--

ALTER TABLE ONLY public.socialaccount_socialtoken
    ADD CONSTRAINT socialaccount_social_app_id_636a42d7_fk_socialacc FOREIGN KEY (app_id) REFERENCES public.socialaccount_socialapp(id) DEFERRABLE INITIALLY DEFERRED;


--
-- Name: socialaccount_socialapp_sites socialaccount_social_site_id_2579dee5_fk_django_si; Type: FK CONSTRAINT; Schema: public; Owner: postgres
--

ALTER TABLE ONLY public.socialaccount_socialapp_sites
    ADD CONSTRAINT socialaccount_social_site_id_2579dee5_fk_django_si FOREIGN KEY (site_id) REFERENCES public.django_site(id) DEFERRABLE INITIALLY DEFERRED;


--
-- Name: socialaccount_socialapp_sites socialaccount_social_socialapp_id_97fb6e7d_fk_socialacc; Type: FK CONSTRAINT; Schema: public; Owner: postgres
--

ALTER TABLE ONLY public.socialaccount_socialapp_sites
    ADD CONSTRAINT socialaccount_social_socialapp_id_97fb6e7d_fk_socialacc FOREIGN KEY (socialapp_id) REFERENCES public.socialaccount_socialapp(id) DEFERRABLE INITIALLY DEFERRED;


--
-- Name: socialaccount_socialaccount socialaccount_social_user_id_8146e70c_fk_user_cust; Type: FK CONSTRAINT; Schema: public; Owner: postgres
--

ALTER TABLE ONLY public.socialaccount_socialaccount
    ADD CONSTRAINT socialaccount_social_user_id_8146e70c_fk_user_cust FOREIGN KEY (user_id) REFERENCES public.user_customuser(id) DEFERRABLE INITIALLY DEFERRED;


--
-- Name: user_customuser_groups user_customuser_grou_customuser_id_192632a7_fk_user_cust; Type: FK CONSTRAINT; Schema: public; Owner: postgres
--

ALTER TABLE ONLY public.user_customuser_groups
    ADD CONSTRAINT user_customuser_grou_customuser_id_192632a7_fk_user_cust FOREIGN KEY (customuser_id) REFERENCES public.user_customuser(id) DEFERRABLE INITIALLY DEFERRED;


--
-- Name: user_customuser_groups user_customuser_groups_group_id_bcbc9e48_fk_auth_group_id; Type: FK CONSTRAINT; Schema: public; Owner: postgres
--

ALTER TABLE ONLY public.user_customuser_groups
    ADD CONSTRAINT user_customuser_groups_group_id_bcbc9e48_fk_auth_group_id FOREIGN KEY (group_id) REFERENCES public.auth_group(id) DEFERRABLE INITIALLY DEFERRED;


--
-- Name: user_customuser user_customuser_referred_by_id_cc08fe51_fk_user_customuser_id; Type: FK CONSTRAINT; Schema: public; Owner: postgres
--

ALTER TABLE ONLY public.user_customuser
    ADD CONSTRAINT user_customuser_referred_by_id_cc08fe51_fk_user_customuser_id FOREIGN KEY (referred_by_id) REFERENCES public.user_customuser(id) DEFERRABLE INITIALLY DEFERRED;


--
-- Name: user_customuser_user_permissions user_customuser_user_customuser_id_4552d9cc_fk_user_cust; Type: FK CONSTRAINT; Schema: public; Owner: postgres
--

ALTER TABLE ONLY public.user_customuser_user_permissions
    ADD CONSTRAINT user_customuser_user_customuser_id_4552d9cc_fk_user_cust FOREIGN KEY (customuser_id) REFERENCES public.user_customuser(id) DEFERRABLE INITIALLY DEFERRED;


--
-- Name: user_customuser_user_permissions user_customuser_user_permission_id_e57e8b9a_fk_auth_perm; Type: FK CONSTRAINT; Schema: public; Owner: postgres
--

ALTER TABLE ONLY public.user_customuser_user_permissions
    ADD CONSTRAINT user_customuser_user_permission_id_e57e8b9a_fk_auth_perm FOREIGN KEY (permission_id) REFERENCES public.auth_permission(id) DEFERRABLE INITIALLY DEFERRED;


--
-- Name: wallet_app_wallet wallet_app_wallet_user_id_4818716c_fk_user_customuser_id; Type: FK CONSTRAINT; Schema: public; Owner: postgres
--

ALTER TABLE ONLY public.wallet_app_wallet
    ADD CONSTRAINT wallet_app_wallet_user_id_4818716c_fk_user_customuser_id FOREIGN KEY (user_id) REFERENCES public.user_customuser(id) DEFERRABLE INITIALLY DEFERRED;


--
-- Name: wallet_app_wallettransaction wallet_app_wallettra_wallet_id_a2ee76e1_fk_wallet_ap; Type: FK CONSTRAINT; Schema: public; Owner: postgres
--

ALTER TABLE ONLY public.wallet_app_wallettransaction
    ADD CONSTRAINT wallet_app_wallettra_wallet_id_a2ee76e1_fk_wallet_ap FOREIGN KEY (wallet_id) REFERENCES public.wallet_app_wallet(id) DEFERRABLE INITIALLY DEFERRED;


--
-- PostgreSQL database dump complete
--

